,FIELD_NAME,DEGFIELD,YEAR,undergrad,median_wage,count,unemployment_rate
0,Agriculture,11.0,2009,False,60000.0,2125,0.021964612568639415
1,Agriculture,11.0,2009,True,43000.0,5643,0.029175946547884187
2,Agriculture,11.0,2010,False,60000.0,2159,0.027594481103779243
3,Agriculture,11.0,2010,True,41700.0,5773,0.040368582711715666
4,Agriculture,11.0,2011,False,60000.0,2172,0.023558586484810913
5,Agriculture,11.0,2011,True,44000.0,5722,0.027075408368762585
6,Agriculture,11.0,2012,False,60000.0,2217,0.01931200965600483
7,Agriculture,11.0,2012,True,45000.0,5803,0.02631578947368421
8,Agriculture,11.0,2013,False,60000.0,2264,0.01817116060961313
9,Agriculture,11.0,2013,True,45000.0,5989,0.026577355229040624
10,Agriculture,11.0,2014,False,65500.0,2306,0.0156794425087108
11,Agriculture,11.0,2014,True,45000.0,5940,0.022707034728406055
12,Agriculture,11.0,2015,False,68000.0,2349,0.01917489831493318
13,Agriculture,11.0,2015,True,48000.0,6459,0.023872142423629374
14,Agriculture,11.0,2016,False,66000.0,2432,0.019704433497536946
15,Agriculture,11.0,2016,True,48000.0,6331,0.01749271137026239
16,Agriculture,11.0,2017,False,70000.0,2528,0.01352082206598161
17,Agriculture,11.0,2017,True,48000.0,6515,0.02172601086300543
18,Agriculture,11.0,2018,False,70000.0,2610,0.012182203389830509
19,Agriculture,11.0,2018,True,48000.0,6773,0.013709361535448493
20,Agriculture,11.0,2019,False,75000.0,2649,0.0187207488299532
21,Agriculture,11.0,2019,True,50000.0,7251,0.01571350264936963
22,Agriculture,11.0,2020,False,70000.0,2337,0.025149700598802394
23,Agriculture,11.0,2020,True,50000.0,6351,0.02312751962656482
24,Agriculture,11.0,2021,False,76000.0,2678,0.02181818181818182
25,Agriculture,11.0,2021,True,50000.0,7081,0.023703989207939872
26,Agriculture,11.0,2022,False,78000.0,3057,0.012126865671641791
27,Agriculture,11.0,2022,True,54000.0,7609,0.014355805924041431
28,Agriculture,11.0,2023,False,80000.0,3135,0.014433919711321606
29,Agriculture,11.0,2023,True,56000.0,7932,0.013722424874066354
30,Agriculture,11.0,2024,False,85000.0,3225,0.023076923076923078
31,Agriculture,11.0,2024,True,60000.0,8106,0.01684717208182912
32,Architecture,14.0,2009,False,65000.0,1446,0.08278145695364239
33,Architecture,14.0,2009,True,55500.0,2968,0.0846307385229541
34,Architecture,14.0,2010,False,65000.0,1528,0.08339952343129468
35,Architecture,14.0,2010,True,50000.0,2973,0.10585305105853052
36,Architecture,14.0,2011,False,60000.0,1550,0.06926070038910506
37,Architecture,14.0,2011,True,50000.0,2994,0.07838179519595449
38,Architecture,14.0,2012,False,60000.0,1629,0.047829286239882265
39,Architecture,14.0,2012,True,52000.0,2939,0.05507372072853426
40,Architecture,14.0,2013,False,60000.0,1677,0.038322487346348515
41,Architecture,14.0,2013,True,52000.0,3146,0.05239822652156389
42,Architecture,14.0,2014,False,65000.0,1765,0.03935347856640899
43,Architecture,14.0,2014,True,53000.0,3137,0.039631705364291434
44,Architecture,14.0,2015,False,70000.0,1812,0.031081081081081083
45,Architecture,14.0,2015,True,57000.0,3017,0.03379224030037547
46,Architecture,14.0,2016,False,70000.0,1975,0.02236024844720497
47,Architecture,14.0,2016,True,60000.0,3240,0.03852201257861635
48,Architecture,14.0,2017,False,72000.0,1946,0.025
49,Architecture,14.0,2017,True,61000.0,3476,0.028221314519123655
50,Architecture,14.0,2018,False,75000.0,2310,0.024509803921568627
51,Architecture,14.0,2018,True,64000.0,3383,0.026843100189035917
52,Architecture,14.0,2019,False,79000.0,2278,0.017777777777777778
53,Architecture,14.0,2019,True,70000.0,3459,0.022188792779240317
54,Architecture,14.0,2020,False,80000.0,1973,0.04113110539845758
55,Architecture,14.0,2020,True,66000.0,2912,0.04701049748973072
56,Architecture,14.0,2021,False,80000.0,2449,0.0334750265674814
57,Architecture,14.0,2021,True,68000.0,3761,0.04472843450479233
58,Architecture,14.0,2022,False,85000.0,2585,0.017382413087934562
59,Architecture,14.0,2022,True,74000.0,3835,0.023068857042991962
60,Architecture,14.0,2023,False,90000.0,2687,0.022417153996101363
61,Architecture,14.0,2023,True,73000.0,3990,0.024266936299292215
62,Architecture,14.0,2024,False,92000.0,2807,0.02603440260344026
63,Architecture,14.0,2024,True,75000.0,4116,0.026858827382902063
64,"Area, Ethnic, and Civilization Studies",15.0,2009,False,56000.0,884,0.04131054131054131
65,"Area, Ethnic, and Civilization Studies",15.0,2009,True,32900.0,996,0.07944514501891552
66,"Area, Ethnic, and Civilization Studies",15.0,2010,False,60000.0,966,0.04633204633204633
67,"Area, Ethnic, and Civilization Studies",15.0,2010,True,35900.0,1034,0.0693196405648267
68,"Area, Ethnic, and Civilization Studies",15.0,2011,False,60000.0,906,0.04878048780487805
69,"Area, Ethnic, and Civilization Studies",15.0,2011,True,35000.0,1060,0.08222490931076179
70,"Area, Ethnic, and Civilization Studies",15.0,2012,False,63000.0,963,0.04755944931163955
71,"Area, Ethnic, and Civilization Studies",15.0,2012,True,35000.0,1059,0.06038647342995169
72,"Area, Ethnic, and Civilization Studies",15.0,2013,False,65000.0,1027,0.02857142857142857
73,"Area, Ethnic, and Civilization Studies",15.0,2013,True,35000.0,1118,0.06214039125431531
74,"Area, Ethnic, and Civilization Studies",15.0,2014,False,62000.0,1084,0.033642691415313224
75,"Area, Ethnic, and Civilization Studies",15.0,2014,True,35900.0,1145,0.06643757159221077
76,"Area, Ethnic, and Civilization Studies",15.0,2015,False,61500.0,1137,0.017699115044247787
77,"Area, Ethnic, and Civilization Studies",15.0,2015,True,40000.0,1173,0.04318181818181818
78,"Area, Ethnic, and Civilization Studies",15.0,2016,False,64000.0,1182,0.017222820236813777
79,"Area, Ethnic, and Civilization Studies",15.0,2016,True,38000.0,1301,0.04158004158004158
80,"Area, Ethnic, and Civilization Studies",15.0,2017,False,67000.0,1169,0.02547065337763012
81,"Area, Ethnic, and Civilization Studies",15.0,2017,True,40000.0,1311,0.04462474645030426
82,"Area, Ethnic, and Civilization Studies",15.0,2018,False,70000.0,1181,0.02188183807439825
83,"Area, Ethnic, and Civilization Studies",15.0,2018,True,42000.0,1359,0.04433497536945813
84,"Area, Ethnic, and Civilization Studies",15.0,2019,False,72000.0,1396,0.02042711234911792
85,"Area, Ethnic, and Civilization Studies",15.0,2019,True,45600.0,1431,0.041353383458646614
86,"Area, Ethnic, and Civilization Studies",15.0,2020,False,72000.0,1167,0.04194260485651214
87,"Area, Ethnic, and Civilization Studies",15.0,2020,True,46000.0,1212,0.04756637168141593
88,"Area, Ethnic, and Civilization Studies",15.0,2021,False,72000.0,1413,0.03397612488521579
89,"Area, Ethnic, and Civilization Studies",15.0,2021,True,46650.0,1490,0.0601640838650866
90,"Area, Ethnic, and Civilization Studies",15.0,2022,False,78000.0,1576,0.01498751040799334
91,"Area, Ethnic, and Civilization Studies",15.0,2022,True,50000.0,1491,0.02787769784172662
92,"Area, Ethnic, and Civilization Studies",15.0,2023,False,85000.0,1649,0.020458265139116204
93,"Area, Ethnic, and Civilization Studies",15.0,2023,True,55000.0,1529,0.04159132007233273
94,"Area, Ethnic, and Civilization Studies",15.0,2024,False,89000.0,1642,0.030206677265500796
95,"Area, Ethnic, and Civilization Studies",15.0,2024,True,60000.0,1598,0.04798628963153385
96,Biology and Life Sciences,36.0,2009,False,78000.0,16694,0.0210727969348659
97,Biology and Life Sciences,36.0,2009,True,40000.0,11827,0.04800975717928817
98,Biology and Life Sciences,36.0,2010,False,78000.0,17195,0.02323001178836419
99,Biology and Life Sciences,36.0,2010,True,40000.0,12162,0.0619839260156336
100,Biology and Life Sciences,36.0,2011,False,80000.0,16892,0.020966010733452594
101,Biology and Life Sciences,36.0,2011,True,39000.0,11988,0.05192878338278932
102,Biology and Life Sciences,36.0,2012,False,80000.0,17668,0.02317631776851029
103,Biology and Life Sciences,36.0,2012,True,40000.0,12545,0.05423135797069757
104,Biology and Life Sciences,36.0,2013,False,81000.0,18431,0.021467732346918556
105,Biology and Life Sciences,36.0,2013,True,40000.0,12993,0.05168067226890756
106,Biology and Life Sciences,36.0,2014,False,80000.0,19109,0.02073436898189755
107,Biology and Life Sciences,36.0,2014,True,40000.0,13679,0.04733313319323527
108,Biology and Life Sciences,36.0,2015,False,83000.0,19635,0.020018709073900843
109,Biology and Life Sciences,36.0,2015,True,40000.0,14347,0.039676425269645606
110,Biology and Life Sciences,36.0,2016,False,86000.0,20498,0.016136830653934484
111,Biology and Life Sciences,36.0,2016,True,40000.0,14866,0.0375669189588333
112,Biology and Life Sciences,36.0,2017,False,87000.0,21930,0.01736071712243277
113,Biology and Life Sciences,36.0,2017,True,41800.0,15682,0.03368606701940035
114,Biology and Life Sciences,36.0,2018,False,91000.0,22508,0.014290480427046264
115,Biology and Life Sciences,36.0,2018,True,41800.0,16064,0.030064794816414688
116,Biology and Life Sciences,36.0,2019,False,93000.0,23944,0.013241220495106506
117,Biology and Life Sciences,36.0,2019,True,45000.0,17229,0.02889155662264906
118,Biology and Life Sciences,36.0,2020,False,92000.0,20315,0.01956097867790427
119,Biology and Life Sciences,36.0,2020,True,45000.0,14301,0.04039818304822654
120,Biology and Life Sciences,36.0,2021,False,96000.0,25855,0.01966837623860977
121,Biology and Life Sciences,36.0,2021,True,48000.0,17771,0.044444444444444446
122,Biology and Life Sciences,36.0,2022,False,100000.0,27468,0.013883045856121162
123,Biology and Life Sciences,36.0,2022,True,50000.0,19218,0.030028735632183907
124,Biology and Life Sciences,36.0,2023,False,100000.0,28181,0.014034285714285714
125,Biology and Life Sciences,36.0,2023,True,52000.0,19508,0.03232911752167117
126,Biology and Life Sciences,36.0,2024,False,105500.0,29180,0.01661684543696149
127,Biology and Life Sciences,36.0,2024,True,55000.0,20226,0.031068226921234517
128,Business,62.0,2009,False,74000.0,26377,0.04678983833718245
129,Business,62.0,2009,True,52000.0,94678,0.053352398693410644
130,Business,62.0,2010,False,74000.0,27232,0.0498876404494382
131,Business,62.0,2010,True,50000.0,96909,0.060648909913615795
132,Business,62.0,2011,False,73000.0,27096,0.045588235294117645
133,Business,62.0,2011,True,50000.0,93569,0.053274967135132203
134,Business,62.0,2012,False,75000.0,28816,0.039806996381182146
135,Business,62.0,2012,True,52000.0,98276,0.047277304817275746
136,Business,62.0,2013,False,75000.0,31241,0.03864350176917266
137,Business,62.0,2013,True,53000.0,102098,0.0430081962084715
138,Business,62.0,2014,False,75000.0,32071,0.03466635115948888
139,Business,62.0,2014,True,55000.0,103639,0.037077671113327514
140,Business,62.0,2015,False,78000.0,33619,0.02793233082706767
141,Business,62.0,2015,True,55000.0,106580,0.0321280726819797
142,Business,62.0,2016,False,80000.0,34845,0.02810996062417967
143,Business,62.0,2016,True,58000.0,109661,0.030813093477119816
144,Business,62.0,2017,False,80000.0,36656,0.027781670403587443
145,Business,62.0,2017,True,60000.0,113765,0.027994851521559252
146,Business,62.0,2018,False,81000.0,38494,0.02420086719774125
147,Business,62.0,2018,True,60000.0,116683,0.025569779737665083
148,Business,62.0,2019,False,85000.0,40072,0.024365777892829406
149,Business,62.0,2019,True,62000.0,121186,0.026130412533887877
150,Business,62.0,2020,False,85000.0,32534,0.03245086241476133
151,Business,62.0,2020,True,62000.0,98106,0.039560409444071416
152,Business,62.0,2021,False,89000.0,42854,0.033587459049018706
153,Business,62.0,2021,True,65000.0,124427,0.04067933507241948
154,Business,62.0,2022,False,92000.0,45628,0.020893183598850874
155,Business,62.0,2022,True,70000.0,132597,0.024237380431320572
156,Business,62.0,2023,False,100000.0,47505,0.023392467401645307
157,Business,62.0,2023,True,72000.0,134971,0.02643014525869104
158,Business,62.0,2024,False,100000.0,49029,0.026064339493497603
159,Business,62.0,2024,True,75000.0,137485,0.02813665222211025
160,Communication Technologies,20.0,2009,False,59500.0,78,0.07692307692307693
161,Communication Technologies,20.0,2009,True,40000.0,572,0.08316831683168317
162,Communication Technologies,20.0,2010,False,50000.0,109,0.0851063829787234
163,Communication Technologies,20.0,2010,True,40000.0,626,0.08128544423440454
164,Communication Technologies,20.0,2011,False,49000.0,92,0.0821917808219178
165,Communication Technologies,20.0,2011,True,40000.0,571,0.07784431137724551
166,Communication Technologies,20.0,2012,False,50000.0,90,0.06097560975609756
167,Communication Technologies,20.0,2012,True,39000.0,608,0.07428571428571429
168,Communication Technologies,20.0,2013,False,60000.0,105,0.07058823529411765
169,Communication Technologies,20.0,2013,True,36000.0,674,0.05163511187607573
170,Communication Technologies,20.0,2014,False,51500.0,93,0.03488372093023256
171,Communication Technologies,20.0,2014,True,38000.0,723,0.0594855305466238
172,Communication Technologies,20.0,2015,False,50000.0,109,0.033707865168539325
173,Communication Technologies,20.0,2015,True,40150.0,757,0.0649546827794562
174,Communication Technologies,20.0,2016,False,57000.0,124,0.04040404040404041
175,Communication Technologies,20.0,2016,True,45000.0,838,0.05193075898801598
176,Communication Technologies,20.0,2017,False,65000.0,125,0.0625
177,Communication Technologies,20.0,2017,True,44000.0,910,0.046954314720812185
178,Communication Technologies,20.0,2018,False,63500.0,143,0.032520325203252036
179,Communication Technologies,20.0,2018,True,45000.0,980,0.05476190476190476
180,Communication Technologies,20.0,2019,False,69000.0,157,0.03125
181,Communication Technologies,20.0,2019,True,45000.0,918,0.044416243654822336
182,Communication Technologies,20.0,2020,False,65000.0,106,0.043010752688172046
183,Communication Technologies,20.0,2020,True,48750.0,877,0.059445178335535004
184,Communication Technologies,20.0,2021,False,61000.0,155,0.032520325203252036
185,Communication Technologies,20.0,2021,True,50000.0,989,0.07647058823529412
186,Communication Technologies,20.0,2022,False,77000.0,172,0.02877697841726619
187,Communication Technologies,20.0,2022,True,50000.0,1198,0.056530214424951264
188,Communication Technologies,20.0,2023,False,75000.0,185,0.026143790849673203
189,Communication Technologies,20.0,2023,True,55000.0,1212,0.07054337464251668
190,Communication Technologies,20.0,2024,False,75000.0,215,0.04597701149425287
191,Communication Technologies,20.0,2024,True,60000.0,1244,0.054613935969868174
192,Communications,19.0,2009,False,56000.0,4413,0.04878699013596374
193,Communications,19.0,2009,True,40000.0,16769,0.06397970687711386
194,Communications,19.0,2010,False,54000.0,4782,0.04513363590519415
195,Communications,19.0,2010,True,40000.0,17303,0.07005013391937367
196,Communications,19.0,2011,False,55000.0,4797,0.05087319665907365
197,Communications,19.0,2011,True,40000.0,16816,0.06437953061078017
198,Communications,19.0,2012,False,56000.0,5075,0.04414906242582483
199,Communications,19.0,2012,True,42000.0,17696,0.05905939921163518
200,Communications,19.0,2013,False,57000.0,5597,0.04056399132321041
201,Communications,19.0,2013,True,43000.0,18810,0.05172303968405631
202,Communications,19.0,2014,False,59500.0,5702,0.037873897137938456
203,Communications,19.0,2014,True,45000.0,19259,0.04834271419637273
204,Communications,19.0,2015,False,60000.0,5945,0.03211859172328598
205,Communications,19.0,2015,True,45000.0,19962,0.04015504814971837
206,Communications,19.0,2016,False,60000.0,6402,0.030414567996900427
207,Communications,19.0,2016,True,48000.0,20836,0.035597189695550355
208,Communications,19.0,2017,False,60000.0,6551,0.024689031285337355
209,Communications,19.0,2017,True,50000.0,21635,0.03766372477373658
210,Communications,19.0,2018,False,65000.0,6969,0.025880281690140845
211,Communications,19.0,2018,True,50000.0,22537,0.034735311540739944
212,Communications,19.0,2019,False,66000.0,7415,0.02576112412177986
213,Communications,19.0,2019,True,52000.0,23698,0.03477230579023285
214,Communications,19.0,2020,False,69000.0,6177,0.040228711455993466
215,Communications,19.0,2020,True,52000.0,19538,0.055947136563876655
216,Communications,19.0,2021,False,70000.0,7864,0.035963244613434725
217,Communications,19.0,2021,True,55000.0,24580,0.05493836554557906
218,Communications,19.0,2022,False,72000.0,8416,0.02473604826546003
219,Communications,19.0,2022,True,60000.0,26130,0.03167096589280596
220,Communications,19.0,2023,False,78000.0,8719,0.025248881835233012
221,Communications,19.0,2023,True,65000.0,26173,0.03596678529062871
222,Communications,19.0,2024,False,80000.0,8881,0.028259017324623686
223,Communications,19.0,2024,True,65000.0,27373,0.035973536708628136
224,Computer and Information Sciences,21.0,2009,False,84000.0,3922,0.04403927068723703
225,Computer and Information Sciences,21.0,2009,True,65000.0,11287,0.055528303737859316
226,Computer and Information Sciences,21.0,2010,False,85000.0,4097,0.04515778019586507
227,Computer and Information Sciences,21.0,2010,True,65000.0,11324,0.05821144596053794
228,Computer and Information Sciences,21.0,2011,False,85000.0,3942,0.04439449283506603
229,Computer and Information Sciences,21.0,2011,True,65000.0,10710,0.05001055074910318
230,Computer and Information Sciences,21.0,2012,False,90000.0,4431,0.03270440251572327
231,Computer and Information Sciences,21.0,2012,True,70000.0,11695,0.04525674499564839
232,Computer and Information Sciences,21.0,2013,False,90000.0,5193,0.02757871878393051
233,Computer and Information Sciences,21.0,2013,True,70000.0,12848,0.04357433268516882
234,Computer and Information Sciences,21.0,2014,False,90000.0,5376,0.031217042817970893
235,Computer and Information Sciences,21.0,2014,True,70000.0,13279,0.03746447334424253
236,Computer and Information Sciences,21.0,2015,False,95000.0,5805,0.024108192865542926
237,Computer and Information Sciences,21.0,2015,True,70000.0,14309,0.036674424203514966
238,Computer and Information Sciences,21.0,2016,False,100000.0,6186,0.028380634390651086
239,Computer and Information Sciences,21.0,2016,True,75000.0,15067,0.03470948012232416
240,Computer and Information Sciences,21.0,2017,False,100000.0,6569,0.034985935302391
241,Computer and Information Sciences,21.0,2017,True,78000.0,16130,0.031928663886092334
242,Computer and Information Sciences,21.0,2018,False,103000.0,6980,0.02162072949331573
243,Computer and Information Sciences,21.0,2018,True,78000.0,16847,0.033953391881612616
244,Computer and Information Sciences,21.0,2019,False,106000.0,7365,0.02251055182116617
245,Computer and Information Sciences,21.0,2019,True,80000.0,17989,0.03280388978930308
246,Computer and Information Sciences,21.0,2020,False,110000.0,6076,0.031724924012158054
247,Computer and Information Sciences,21.0,2020,True,80000.0,15421,0.041847701806540134
248,Computer and Information Sciences,21.0,2021,False,113000.0,8270,0.02727272727272727
249,Computer and Information Sciences,21.0,2021,True,84000.0,20065,0.0411969544944815
250,Computer and Information Sciences,21.0,2022,False,120000.0,8915,0.020706937483513585
251,Computer and Information Sciences,21.0,2022,True,89000.0,21654,0.031828926392171955
252,Computer and Information Sciences,21.0,2023,False,125000.0,9380,0.02852139104328246
253,Computer and Information Sciences,21.0,2023,True,93000.0,23287,0.03666290636857758
254,Computer and Information Sciences,21.0,2024,False,130000.0,9989,0.032813975448536356
255,Computer and Information Sciences,21.0,2024,True,95000.0,24428,0.04490177736202058
256,Construction Services,56.0,2009,False,80000.0,95,0.0641025641025641
257,Construction Services,56.0,2009,True,65000.0,744,0.058383233532934134
258,Construction Services,56.0,2010,False,65000.0,81,0.05555555555555555
259,Construction Services,56.0,2010,True,62000.0,818,0.0673854447439353
260,Construction Services,56.0,2011,False,74500.0,97,0.05
261,Construction Services,56.0,2011,True,57000.0,899,0.046192259675405745
262,Construction Services,56.0,2012,False,62000.0,109,0.09473684210526316
263,Construction Services,56.0,2012,True,60000.0,945,0.0378698224852071
264,Construction Services,56.0,2013,False,80000.0,112,0.031578947368421054
265,Construction Services,56.0,2013,True,60500.0,932,0.02609727164887307
266,Construction Services,56.0,2014,False,74000.0,127,0.028846153846153848
267,Construction Services,56.0,2014,True,68000.0,1063,0.02833158447009444
268,Construction Services,56.0,2015,False,70000.0,142,0.00909090909090909
269,Construction Services,56.0,2015,True,68000.0,1039,0.019271948608137045
270,Construction Services,56.0,2016,False,83000.0,135,0.018867924528301886
271,Construction Services,56.0,2016,True,72000.0,1096,0.021341463414634148
272,Construction Services,56.0,2017,False,75000.0,147,0.025210084033613446
273,Construction Services,56.0,2017,True,72000.0,1163,0.012682926829268294
274,Construction Services,56.0,2018,False,85000.0,157,0.029850746268656716
275,Construction Services,56.0,2018,True,80000.0,1205,0.016498625114573784
276,Construction Services,56.0,2019,False,90000.0,177,0.0
277,Construction Services,56.0,2019,True,80000.0,1284,0.011393514460999123
278,Construction Services,56.0,2020,False,85000.0,125,0.03669724770642202
279,Construction Services,56.0,2020,True,80000.0,1091,0.028692879914984058
280,Construction Services,56.0,2021,False,100000.0,167,0.03007518796992481
281,Construction Services,56.0,2021,True,83000.0,1320,0.020761245674740483
282,Construction Services,56.0,2022,False,90000.0,166,0.015151515151515152
283,Construction Services,56.0,2022,True,90000.0,1427,0.020308692120227456
284,Construction Services,56.0,2023,False,97000.0,224,0.01092896174863388
285,Construction Services,56.0,2023,True,95000.0,1527,0.02343159486016629
286,Construction Services,56.0,2024,False,100000.0,209,0.03529411764705882
287,Construction Services,56.0,2024,True,96000.0,1585,0.014803849000740192
288,Cosmetology Services and Culinary Arts,22.0,2009,False,48000.0,52,0.08571428571428572
289,Cosmetology Services and Culinary Arts,22.0,2009,True,41000.0,291,0.07258064516129033
290,Cosmetology Services and Culinary Arts,22.0,2010,False,37750.0,71,0.08163265306122448
291,Cosmetology Services and Culinary Arts,22.0,2010,True,40000.0,334,0.05434782608695652
292,Cosmetology Services and Culinary Arts,22.0,2011,False,43450.0,46,0.02857142857142857
293,Cosmetology Services and Culinary Arts,22.0,2011,True,35000.0,370,0.06896551724137931
294,Cosmetology Services and Culinary Arts,22.0,2012,False,22000.0,50,0.10714285714285714
295,Cosmetology Services and Culinary Arts,22.0,2012,True,30500.0,371,0.060810810810810814
296,Cosmetology Services and Culinary Arts,22.0,2013,False,35900.0,57,0.05714285714285714
297,Cosmetology Services and Culinary Arts,22.0,2013,True,35600.0,396,0.048484848484848485
298,Cosmetology Services and Culinary Arts,22.0,2014,False,40000.0,66,0.020833333333333332
299,Cosmetology Services and Culinary Arts,22.0,2014,True,35000.0,420,0.04076086956521739
300,Cosmetology Services and Culinary Arts,22.0,2015,False,33500.0,82,0.0
301,Cosmetology Services and Culinary Arts,22.0,2015,True,40000.0,469,0.04145077720207254
302,Cosmetology Services and Culinary Arts,22.0,2016,False,41750.0,70,0.08888888888888889
303,Cosmetology Services and Culinary Arts,22.0,2016,True,39000.0,525,0.0410958904109589
304,Cosmetology Services and Culinary Arts,22.0,2017,False,51000.0,76,0.05084745762711865
305,Cosmetology Services and Culinary Arts,22.0,2017,True,38000.0,501,0.029055690072639227
306,Cosmetology Services and Culinary Arts,22.0,2018,False,47000.0,75,0.017857142857142856
307,Cosmetology Services and Culinary Arts,22.0,2018,True,40000.0,531,0.027972027972027972
308,Cosmetology Services and Culinary Arts,22.0,2019,False,48000.0,57,0.12195121951219512
309,Cosmetology Services and Culinary Arts,22.0,2019,True,40000.0,578,0.029227557411273485
310,Cosmetology Services and Culinary Arts,22.0,2020,False,40000.0,65,0.020833333333333332
311,Cosmetology Services and Culinary Arts,22.0,2020,True,40000.0,421,0.0771513353115727
312,Cosmetology Services and Culinary Arts,22.0,2021,False,60000.0,67,0.06976744186046512
313,Cosmetology Services and Culinary Arts,22.0,2021,True,39100.0,551,0.07900677200902935
314,Cosmetology Services and Culinary Arts,22.0,2022,False,40000.0,121,0.012345679012345678
315,Cosmetology Services and Culinary Arts,22.0,2022,True,45000.0,545,0.030732860520094562
316,Cosmetology Services and Culinary Arts,22.0,2023,False,40000.0,64,0.020833333333333332
317,Cosmetology Services and Culinary Arts,22.0,2023,True,48100.0,598,0.024830699774266364
318,Cosmetology Services and Culinary Arts,22.0,2024,False,55000.0,151,0.011904761904761904
319,Cosmetology Services and Culinary Arts,22.0,2024,True,51000.0,631,0.01984126984126984
320,Criminal Justice and Fire Protection,53.0,2009,False,60000.0,1768,0.022742040285899934
321,Criminal Justice and Fire Protection,53.0,2009,True,45000.0,6578,0.04396941258255127
322,Criminal Justice and Fire Protection,53.0,2010,False,60000.0,1790,0.043865225683407505
323,Criminal Justice and Fire Protection,53.0,2010,True,45000.0,7000,0.05260545905707196
324,Criminal Justice and Fire Protection,53.0,2011,False,59500.0,1761,0.04202232435981615
325,Criminal Justice and Fire Protection,53.0,2011,True,44000.0,6936,0.05494319145328133
326,Criminal Justice and Fire Protection,53.0,2012,False,60000.0,1979,0.0382089552238806
327,Criminal Justice and Fire Protection,53.0,2012,True,45000.0,7505,0.04941768964431854
328,Criminal Justice and Fire Protection,53.0,2013,False,58000.0,2175,0.04263356718834323
329,Criminal Justice and Fire Protection,53.0,2013,True,45000.0,8019,0.04698884758364312
330,Criminal Justice and Fire Protection,53.0,2014,False,60000.0,2283,0.03608786610878661
331,Criminal Justice and Fire Protection,53.0,2014,True,45000.0,8414,0.04055587067498582
332,Criminal Justice and Fire Protection,53.0,2015,False,60000.0,2556,0.030530765617660875
333,Criminal Justice and Fire Protection,53.0,2015,True,45000.0,8814,0.03744255204109219
334,Criminal Justice and Fire Protection,53.0,2016,False,61000.0,2613,0.026854802002730997
335,Criminal Justice and Fire Protection,53.0,2016,True,47000.0,9179,0.03251501697571167
336,Criminal Justice and Fire Protection,53.0,2017,False,60000.0,2781,0.02021505376344086
337,Criminal Justice and Fire Protection,53.0,2017,True,48000.0,10169,0.030256288561936403
338,Criminal Justice and Fire Protection,53.0,2018,False,63000.0,2997,0.020440881763527055
339,Criminal Justice and Fire Protection,53.0,2018,True,48000.0,10259,0.03109054230449745
340,Criminal Justice and Fire Protection,53.0,2019,False,68000.0,3036,0.020708880923934688
341,Criminal Justice and Fire Protection,53.0,2019,True,50000.0,10876,0.021517426874369607
342,Criminal Justice and Fire Protection,53.0,2020,False,70000.0,2514,0.030288226673180263
343,Criminal Justice and Fire Protection,53.0,2020,True,52000.0,8696,0.03676261043032203
344,Criminal Justice and Fire Protection,53.0,2021,False,70000.0,3357,0.031386861313868614
345,Criminal Justice and Fire Protection,53.0,2021,True,54000.0,11089,0.03550295857988166
346,Criminal Justice and Fire Protection,53.0,2022,False,72000.0,3671,0.020911895783339046
347,Criminal Justice and Fire Protection,53.0,2022,True,56000.0,12012,0.02308488612836439
348,Criminal Justice and Fire Protection,53.0,2023,False,75000.0,3879,0.022207917605407145
349,Criminal Justice and Fire Protection,53.0,2023,True,60000.0,12277,0.023625254582484725
350,Criminal Justice and Fire Protection,53.0,2024,False,80000.0,3963,0.018412698412698412
351,Criminal Justice and Fire Protection,53.0,2024,True,63000.0,12889,0.023917885155417838
352,Education Administration and Teaching,23.0,2009,False,50000.0,43010,0.02207001522070015
353,Education Administration and Teaching,23.0,2009,True,36000.0,50575,0.03792522948893053
354,Education Administration and Teaching,23.0,2010,False,50000.0,44249,0.025301856190304558
355,Education Administration and Teaching,23.0,2010,True,36000.0,52212,0.0421701679370391
356,Education Administration and Teaching,23.0,2011,False,50000.0,44519,0.025607767565965018
357,Education Administration and Teaching,23.0,2011,True,35000.0,51149,0.04251245997953593
358,Education Administration and Teaching,23.0,2012,False,51000.0,45668,0.02641122385435364
359,Education Administration and Teaching,23.0,2012,True,35000.0,51755,0.037916872022342694
360,Education Administration and Teaching,23.0,2013,False,50000.0,46958,0.02143989622369559
361,Education Administration and Teaching,23.0,2013,True,35000.0,51874,0.03542261470021911
362,Education Administration and Teaching,23.0,2014,False,50000.0,47313,0.017513006521579836
363,Education Administration and Teaching,23.0,2014,True,36000.0,52032,0.02830188679245283
364,Education Administration and Teaching,23.0,2015,False,52000.0,47177,0.017258197643880844
365,Education Administration and Teaching,23.0,2015,True,37000.0,51944,0.025628693142778616
366,Education Administration and Teaching,23.0,2016,False,52000.0,48816,0.013475125646441839
367,Education Administration and Teaching,23.0,2016,True,38000.0,52471,0.022573208079556796
368,Education Administration and Teaching,23.0,2017,False,55000.0,49476,0.013356436358385676
369,Education Administration and Teaching,23.0,2017,True,38000.0,52973,0.02031556151387027
370,Education Administration and Teaching,23.0,2018,False,55000.0,50720,0.014052778373739541
371,Education Administration and Teaching,23.0,2018,True,40000.0,52875,0.020759193357058125
372,Education Administration and Teaching,23.0,2019,False,56000.0,51995,0.01303933001166119
373,Education Administration and Teaching,23.0,2019,True,40000.0,54337,0.018772389087903005
374,Education Administration and Teaching,23.0,2020,False,58000.0,43298,0.019579626722483864
375,Education Administration and Teaching,23.0,2020,True,40000.0,44339,0.03070983592173379
376,Education Administration and Teaching,23.0,2021,False,60000.0,53285,0.019612773447322103
377,Education Administration and Teaching,23.0,2021,True,42000.0,54208,0.03003695167014232
378,Education Administration and Teaching,23.0,2022,False,60000.0,55988,0.01185260655459331
379,Education Administration and Teaching,23.0,2022,True,44500.0,56509,0.017980684811237928
380,Education Administration and Teaching,23.0,2023,False,63000.0,56652,0.011346368149123695
381,Education Administration and Teaching,23.0,2023,True,45000.0,56093,0.017893351357119988
382,Education Administration and Teaching,23.0,2024,False,65000.0,57727,0.012092777373950968
383,Education Administration and Teaching,23.0,2024,True,48000.0,56272,0.018915465966356734
384,Electrical and Mechanic Repairs and Technologies,57.0,2009,False,79500.0,11,0.1
385,Electrical and Mechanic Repairs and Technologies,57.0,2009,True,51000.0,116,0.041666666666666664
386,Electrical and Mechanic Repairs and Technologies,57.0,2010,False,84000.0,32,0.05
387,Electrical and Mechanic Repairs and Technologies,57.0,2010,True,43000.0,139,0.09917355371900827
388,Electrical and Mechanic Repairs and Technologies,57.0,2011,False,52000.0,30,0.11538461538461539
389,Electrical and Mechanic Repairs and Technologies,57.0,2011,True,45000.0,140,0.03571428571428571
390,Electrical and Mechanic Repairs and Technologies,57.0,2012,False,61500.0,36,0.047619047619047616
391,Electrical and Mechanic Repairs and Technologies,57.0,2012,True,45000.0,159,0.045112781954887216
392,Electrical and Mechanic Repairs and Technologies,57.0,2013,False,47000.0,37,0.125
393,Electrical and Mechanic Repairs and Technologies,57.0,2013,True,50000.0,194,0.05333333333333334
394,Electrical and Mechanic Repairs and Technologies,57.0,2014,False,53500.0,25,0.10526315789473684
395,Electrical and Mechanic Repairs and Technologies,57.0,2014,True,47250.0,199,0.03225806451612903
396,Electrical and Mechanic Repairs and Technologies,57.0,2015,False,47000.0,56,0.09090909090909091
397,Electrical and Mechanic Repairs and Technologies,57.0,2015,True,48000.0,160,0.044444444444444446
398,Electrical and Mechanic Repairs and Technologies,57.0,2016,False,60000.0,37,0.0
399,Electrical and Mechanic Repairs and Technologies,57.0,2016,True,52000.0,203,0.04294478527607362
400,Electrical and Mechanic Repairs and Technologies,57.0,2017,False,62500.0,35,0.043478260869565216
401,Electrical and Mechanic Repairs and Technologies,57.0,2017,True,55000.0,212,0.023952095808383235
402,Electrical and Mechanic Repairs and Technologies,57.0,2018,False,50000.0,37,0.038461538461538464
403,Electrical and Mechanic Repairs and Technologies,57.0,2018,True,50000.0,219,0.029069767441860465
404,Electrical and Mechanic Repairs and Technologies,57.0,2019,False,65000.0,52,0.02702702702702703
405,Electrical and Mechanic Repairs and Technologies,57.0,2019,True,58500.0,193,0.02027027027027027
406,Electrical and Mechanic Repairs and Technologies,57.0,2020,False,90000.0,38,0.0
407,Electrical and Mechanic Repairs and Technologies,57.0,2020,True,62000.0,212,0.050314465408805034
408,Electrical and Mechanic Repairs and Technologies,57.0,2021,False,60000.0,56,0.0
409,Electrical and Mechanic Repairs and Technologies,57.0,2021,True,55000.0,217,0.04093567251461988
410,Electrical and Mechanic Repairs and Technologies,57.0,2022,False,56000.0,52,0.025
411,Electrical and Mechanic Repairs and Technologies,57.0,2022,True,60000.0,250,0.032432432432432434
412,Electrical and Mechanic Repairs and Technologies,57.0,2023,False,71500.0,49,0.05405405405405406
413,Electrical and Mechanic Repairs and Technologies,57.0,2023,True,63000.0,251,0.03225806451612903
414,Electrical and Mechanic Repairs and Technologies,57.0,2024,False,87500.0,62,0.02631578947368421
415,Electrical and Mechanic Repairs and Technologies,57.0,2024,True,65000.0,233,0.029940119760479042
416,Engineering,24.0,2009,False,95000.0,19396,0.03930583435860908
417,Engineering,24.0,2009,True,75000.0,29379,0.04970000895495657
418,Engineering,24.0,2010,False,94000.0,19394,0.04066845094327306
419,Engineering,24.0,2010,True,74000.0,29655,0.05635631154879141
420,Engineering,24.0,2011,False,95000.0,19160,0.032949262179098444
421,Engineering,24.0,2011,True,74000.0,28174,0.04742346816944458
422,Engineering,24.0,2012,False,100000.0,20277,0.032009672903143695
423,Engineering,24.0,2012,True,75000.0,29440,0.041118944735046625
424,Engineering,24.0,2013,False,100000.0,21617,0.027963196824824104
425,Engineering,24.0,2013,True,76000.0,31075,0.036625780073165484
426,Engineering,24.0,2014,False,100000.0,22004,0.02798031892821151
427,Engineering,24.0,2014,True,78000.0,31298,0.03313806815752341
428,Engineering,24.0,2015,False,100000.0,22686,0.02396926429267733
429,Engineering,24.0,2015,True,80000.0,32717,0.029588247465342436
430,Engineering,24.0,2016,False,102000.0,23639,0.02616843155735433
431,Engineering,24.0,2016,True,80000.0,34049,0.029473684210526315
432,Engineering,24.0,2017,False,102000.0,25534,0.02411749549085287
433,Engineering,24.0,2017,True,80000.0,35062,0.028842461018511407
434,Engineering,24.0,2018,False,109000.0,26077,0.023506217773733698
435,Engineering,24.0,2018,True,80000.0,36441,0.02607571560480148
436,Engineering,24.0,2019,False,113000.0,27241,0.020241939370572077
437,Engineering,24.0,2019,True,85000.0,37672,0.024317086234600965
438,Engineering,24.0,2020,False,115000.0,22732,0.02802540348423935
439,Engineering,24.0,2020,True,85000.0,31545,0.038148546824542516
440,Engineering,24.0,2021,False,119000.0,29235,0.02380736029077692
441,Engineering,24.0,2021,True,89000.0,40197,0.03462940461725395
442,Engineering,24.0,2022,False,120000.0,31113,0.016024122334697393
443,Engineering,24.0,2022,True,90000.0,42441,0.022180258609653055
444,Engineering,24.0,2023,False,130000.0,32410,0.018722286089669898
445,Engineering,24.0,2023,True,96000.0,43988,0.02316160554146824
446,Engineering,24.0,2024,False,133000.0,33124,0.0254839500122519
447,Engineering,24.0,2024,True,100000.0,45250,0.02777694990015796
448,Engineering Technologies,25.0,2009,False,77000.0,981,0.05297157622739018
449,Engineering Technologies,25.0,2009,True,60000.0,3575,0.06393162393162394
450,Engineering Technologies,25.0,2010,False,75000.0,1083,0.07234539089848308
451,Engineering Technologies,25.0,2010,True,60000.0,3753,0.06489675516224189
452,Engineering Technologies,25.0,2011,False,80000.0,943,0.049531459170013385
453,Engineering Technologies,25.0,2011,True,60000.0,3481,0.05078683834048641
454,Engineering Technologies,25.0,2012,False,80000.0,1015,0.04430379746835443
455,Engineering Technologies,25.0,2012,True,63500.0,3552,0.04675876726886291
456,Engineering Technologies,25.0,2013,False,84000.0,1100,0.03917050691244239
457,Engineering Technologies,25.0,2013,True,65000.0,3890,0.03931124106562703
458,Engineering Technologies,25.0,2014,False,85000.0,1134,0.03690888119953864
459,Engineering Technologies,25.0,2014,True,65000.0,3964,0.034348671419313026
460,Engineering Technologies,25.0,2015,False,83000.0,1261,0.03134796238244514
461,Engineering Technologies,25.0,2015,True,70000.0,3992,0.03483541067433685
462,Engineering Technologies,25.0,2016,False,90000.0,1293,0.03769633507853403
463,Engineering Technologies,25.0,2016,True,68000.0,4202,0.03565891472868217
464,Engineering Technologies,25.0,2017,False,88000.0,1387,0.022620169651272386
465,Engineering Technologies,25.0,2017,True,70000.0,4331,0.02638036809815951
466,Engineering Technologies,25.0,2018,False,90500.0,1383,0.023969319271332695
467,Engineering Technologies,25.0,2018,True,75000.0,4433,0.02631578947368421
468,Engineering Technologies,25.0,2019,False,100000.0,1453,0.026217228464419477
469,Engineering Technologies,25.0,2019,True,75000.0,4708,0.023809523809523808
470,Engineering Technologies,25.0,2020,False,98500.0,1205,0.031042128603104215
471,Engineering Technologies,25.0,2020,True,75500.0,3654,0.03840472673559823
472,Engineering Technologies,25.0,2021,False,96000.0,1603,0.03484320557491289
473,Engineering Technologies,25.0,2021,True,80000.0,4588,0.03067669172932331
474,Engineering Technologies,25.0,2022,False,103000.0,1669,0.020885547201336674
475,Engineering Technologies,25.0,2022,True,80000.0,4928,0.026025459688826025
476,Engineering Technologies,25.0,2023,False,100000.0,1804,0.02178988326848249
477,Engineering Technologies,25.0,2023,True,84000.0,5096,0.02814207650273224
478,Engineering Technologies,25.0,2024,False,118000.0,1837,0.02608047690014903
479,Engineering Technologies,25.0,2024,True,85000.0,5204,0.025360384410037372
480,"English Language, Literature, and Composition",33.0,2009,False,54000.0,9940,0.0409406431505879
481,"English Language, Literature, and Composition",33.0,2009,True,37300.0,11812,0.06568627450980392
482,"English Language, Literature, and Composition",33.0,2010,False,54000.0,10118,0.042971492767869685
483,"English Language, Literature, and Composition",33.0,2010,True,36000.0,11928,0.06846447481837212
484,"English Language, Literature, and Composition",33.0,2011,False,53000.0,10030,0.03833500214561579
485,"English Language, Literature, and Composition",33.0,2011,True,35000.0,11749,0.06942522953087663
486,"English Language, Literature, and Composition",33.0,2012,False,54000.0,10258,0.03568899589293301
487,"English Language, Literature, and Composition",33.0,2012,True,36000.0,11828,0.062175509687223
488,"English Language, Literature, and Composition",33.0,2013,False,55000.0,10978,0.03431628392484343
489,"English Language, Literature, and Composition",33.0,2013,True,38000.0,12434,0.05747680443426919
490,"English Language, Literature, and Composition",33.0,2014,False,57000.0,10893,0.02697207915424234
491,"English Language, Literature, and Composition",33.0,2014,True,39000.0,12450,0.05217183199712815
492,"English Language, Literature, and Composition",33.0,2015,False,57000.0,11353,0.027183191070256074
493,"English Language, Literature, and Composition",33.0,2015,True,40000.0,12760,0.04392915404334654
494,"English Language, Literature, and Composition",33.0,2016,False,59000.0,11742,0.026626093571700267
495,"English Language, Literature, and Composition",33.0,2016,True,40000.0,13025,0.0418342719227675
496,"English Language, Literature, and Composition",33.0,2017,False,60000.0,11849,0.026070528967254408
497,"English Language, Literature, and Composition",33.0,2017,True,41000.0,13386,0.039813167259786474
498,"English Language, Literature, and Composition",33.0,2018,False,60000.0,12223,0.023117814315737423
499,"English Language, Literature, and Composition",33.0,2018,True,44000.0,13596,0.03758904109589041
500,"English Language, Literature, and Composition",33.0,2019,False,64000.0,12501,0.023823994165552448
501,"English Language, Literature, and Composition",33.0,2019,True,45000.0,13778,0.0364963503649635
502,"English Language, Literature, and Composition",33.0,2020,False,65000.0,10622,0.032134433962264154
503,"English Language, Literature, and Composition",33.0,2020,True,45500.0,11335,0.05763533530837597
504,"English Language, Literature, and Composition",33.0,2021,False,70000.0,13486,0.03401979747411537
505,"English Language, Literature, and Composition",33.0,2021,True,48000.0,14253,0.05516188815000545
506,"English Language, Literature, and Composition",33.0,2022,False,70000.0,13648,0.021057450217441064
507,"English Language, Literature, and Composition",33.0,2022,True,50000.0,14773,0.037964208130754115
508,"English Language, Literature, and Composition",33.0,2023,False,73000.0,14242,0.024664879356568366
509,"English Language, Literature, and Composition",33.0,2023,True,53000.0,14952,0.03603326147212812
510,"English Language, Literature, and Composition",33.0,2024,False,75000.0,14085,0.02321724709784411
511,"English Language, Literature, and Composition",33.0,2024,True,55000.0,15172,0.03820314850095257
512,Environment and Natural Resources,13.0,2009,False,60000.0,1114,0.03125
513,Environment and Natural Resources,13.0,2009,True,46000.0,2714,0.04912907548012506
514,Environment and Natural Resources,13.0,2010,False,58000.0,1089,0.03436807095343681
515,Environment and Natural Resources,13.0,2010,True,45000.0,2870,0.05391527599486521
516,Environment and Natural Resources,13.0,2011,False,60000.0,1123,0.032017075773746
517,Environment and Natural Resources,13.0,2011,True,45000.0,2804,0.044993383325981476
518,Environment and Natural Resources,13.0,2012,False,60000.0,1114,0.04004449388209121
519,Environment and Natural Resources,13.0,2012,True,45000.0,2937,0.04373673036093418
520,Environment and Natural Resources,13.0,2013,False,62000.0,1334,0.0273972602739726
521,Environment and Natural Resources,13.0,2013,True,44000.0,3118,0.04616619831393015
522,Environment and Natural Resources,13.0,2014,False,64000.0,1253,0.03206997084548105
523,Environment and Natural Resources,13.0,2014,True,45000.0,3198,0.03394459617635583
524,Environment and Natural Resources,13.0,2015,False,65000.0,1346,0.02474793767186068
525,Environment and Natural Resources,13.0,2015,True,45000.0,3305,0.0340522133938706
526,Environment and Natural Resources,13.0,2016,False,68000.0,1511,0.019559902200488997
527,Environment and Natural Resources,13.0,2016,True,47800.0,3482,0.033610408384531984
528,Environment and Natural Resources,13.0,2017,False,68000.0,1611,0.02948021722265322
529,Environment and Natural Resources,13.0,2017,True,48100.0,3645,0.02852233676975945
530,Environment and Natural Resources,13.0,2018,False,68000.0,1585,0.023346303501945526
531,Environment and Natural Resources,13.0,2018,True,48000.0,4004,0.028934817170111288
532,Environment and Natural Resources,13.0,2019,False,69000.0,1729,0.0174110522331567
533,Environment and Natural Resources,13.0,2019,True,50000.0,4204,0.026670754138565296
534,Environment and Natural Resources,13.0,2020,False,68000.0,1559,0.027800490596892886
535,Environment and Natural Resources,13.0,2020,True,50000.0,3632,0.04297580353918382
536,Environment and Natural Resources,13.0,2021,False,73000.0,1939,0.030463576158940398
537,Environment and Natural Resources,13.0,2021,True,50000.0,4365,0.039556487863350316
538,Environment and Natural Resources,13.0,2022,False,74000.0,2195,0.015249266862170088
539,Environment and Natural Resources,13.0,2022,True,54000.0,4834,0.02751293925360937
540,Environment and Natural Resources,13.0,2023,False,80000.0,2148,0.014475271411338963
541,Environment and Natural Resources,13.0,2023,True,57000.0,4998,0.027675276752767528
542,Environment and Natural Resources,13.0,2024,False,80000.0,2249,0.02044392523364486
543,Environment and Natural Resources,13.0,2024,True,61000.0,5167,0.028970775095298603
544,Family and Consumer Sciences,29.0,2009,False,49000.0,1565,0.02605570530098832
545,Family and Consumer Sciences,29.0,2009,True,31350.0,4229,0.03710644677661169
546,Family and Consumer Sciences,29.0,2010,False,50000.0,1642,0.0392156862745098
547,Family and Consumer Sciences,29.0,2010,True,30000.0,4422,0.051711580480699196
548,Family and Consumer Sciences,29.0,2011,False,48000.0,1695,0.03842869342442357
549,Family and Consumer Sciences,29.0,2011,True,30000.0,4365,0.05551470588235294
550,Family and Consumer Sciences,29.0,2012,False,49100.0,1731,0.03
551,Family and Consumer Sciences,29.0,2012,True,31200.0,4228,0.04472342094939192
552,Family and Consumer Sciences,29.0,2013,False,49000.0,1773,0.030025020850708923
553,Family and Consumer Sciences,29.0,2013,True,32000.0,4553,0.04172767203513909
554,Family and Consumer Sciences,29.0,2014,False,50000.0,1792,0.029661016949152543
555,Family and Consumer Sciences,29.0,2014,True,32000.0,4485,0.0361794500723589
556,Family and Consumer Sciences,29.0,2015,False,51000.0,1926,0.017254901960784313
557,Family and Consumer Sciences,29.0,2015,True,33000.0,4692,0.0335195530726257
558,Family and Consumer Sciences,29.0,2016,False,52000.0,1999,0.017991004497751123
559,Family and Consumer Sciences,29.0,2016,True,34000.0,4621,0.03192621496984746
560,Family and Consumer Sciences,29.0,2017,False,51000.0,2133,0.017069701280227598
561,Family and Consumer Sciences,29.0,2017,True,35000.0,4731,0.02490617536676902
562,Family and Consumer Sciences,29.0,2018,False,54000.0,2161,0.02361111111111111
563,Family and Consumer Sciences,29.0,2018,True,35000.0,5047,0.027476038338658148
564,Family and Consumer Sciences,29.0,2019,False,55000.0,2268,0.021681997371879105
565,Family and Consumer Sciences,29.0,2019,True,36000.0,5121,0.023741690408357077
566,Family and Consumer Sciences,29.0,2020,False,57000.0,1884,0.025535420098846788
567,Family and Consumer Sciences,29.0,2020,True,37400.0,4132,0.03978887535525782
568,Family and Consumer Sciences,29.0,2021,False,60000.0,2250,0.02920723226703755
569,Family and Consumer Sciences,29.0,2021,True,40000.0,5155,0.04172141918528252
570,Family and Consumer Sciences,29.0,2022,False,61000.0,2500,0.017220172201722016
571,Family and Consumer Sciences,29.0,2022,True,40000.0,5213,0.021167415009621552
572,Family and Consumer Sciences,29.0,2023,False,66000.0,2609,0.018591549295774647
573,Family and Consumer Sciences,29.0,2023,True,45000.0,5447,0.02403407362336477
574,Family and Consumer Sciences,29.0,2024,False,68000.0,2631,0.012048192771084338
575,Family and Consumer Sciences,29.0,2024,True,48000.0,5592,0.02577165118369793
576,Fine Arts,60.0,2009,False,45000.0,6365,0.05408778864156438
577,Fine Arts,60.0,2009,True,34000.0,17235,0.0791350531107739
578,Fine Arts,60.0,2010,False,46000.0,6863,0.059182894234440626
579,Fine Arts,60.0,2010,True,33300.0,18042,0.0790562613430127
580,Fine Arts,60.0,2011,False,45600.0,6778,0.05063291139240506
581,Fine Arts,60.0,2011,True,32000.0,18106,0.07160026221866123
582,Fine Arts,60.0,2012,False,47000.0,7096,0.046842795578040095
583,Fine Arts,60.0,2012,True,33000.0,19225,0.0701332600631955
584,Fine Arts,60.0,2013,False,47000.0,7523,0.046211048158640224
585,Fine Arts,60.0,2013,True,35000.0,20153,0.06017191977077364
586,Fine Arts,60.0,2014,False,48250.0,7514,0.038036587574714724
587,Fine Arts,60.0,2014,True,35000.0,20573,0.05255690978267879
588,Fine Arts,60.0,2015,False,50000.0,7790,0.033276450511945395
589,Fine Arts,60.0,2015,True,36000.0,21088,0.044165826612903226
590,Fine Arts,60.0,2016,False,50000.0,8224,0.03301732592350441
591,Fine Arts,60.0,2016,True,39000.0,22235,0.041679071152128606
592,Fine Arts,60.0,2017,False,53000.0,8552,0.03089797232056646
593,Fine Arts,60.0,2017,True,40000.0,23085,0.04578009511258809
594,Fine Arts,60.0,2018,False,54000.0,8880,0.025719068634910972
595,Fine Arts,60.0,2018,True,40000.0,23779,0.036351546048985925
596,Fine Arts,60.0,2019,False,55000.0,9429,0.028107794842074763
597,Fine Arts,60.0,2019,True,41000.0,24542,0.0391369525645144
598,Fine Arts,60.0,2020,False,56000.0,8089,0.04565104616980806
599,Fine Arts,60.0,2020,True,42000.0,20593,0.07474985285462037
600,Fine Arts,60.0,2021,False,58000.0,10215,0.044450579790171175
601,Fine Arts,60.0,2021,True,43950.0,26542,0.07513125031856874
602,Fine Arts,60.0,2022,False,60000.0,10435,0.025333513003638324
603,Fine Arts,60.0,2022,True,47500.0,27792,0.04096924873491631
604,Fine Arts,60.0,2023,False,63000.0,10961,0.028688524590163935
605,Fine Arts,60.0,2023,True,50000.0,28576,0.04197612108677259
606,Fine Arts,60.0,2024,False,68000.0,11136,0.03116719242902208
607,Fine Arts,60.0,2024,True,51000.0,29196,0.04541017894492215
608,History,64.0,2009,False,63000.0,7379,0.035211267605633804
609,History,64.0,2009,True,40000.0,7469,0.0637979420018709
610,History,64.0,2010,False,63000.0,7583,0.03894698882077173
611,History,64.0,2010,True,40000.0,7687,0.06723296584131574
612,History,64.0,2011,False,65000.0,7625,0.03814414083990464
613,History,64.0,2011,True,40000.0,7471,0.065284178187404
614,History,64.0,2012,False,63000.0,7561,0.032474804031354984
615,History,64.0,2012,True,40000.0,7683,0.05550257486172039
616,History,64.0,2013,False,63000.0,7972,0.028249597711424997
617,History,64.0,2013,True,40000.0,8117,0.048410146480886034
618,History,64.0,2014,False,64000.0,8027,0.027648947556189796
619,History,64.0,2014,True,41000.0,8089,0.04508271223413925
620,History,64.0,2015,False,68000.0,8203,0.02352733062090925
621,History,64.0,2015,True,44000.0,8134,0.04128357670813052
622,History,64.0,2016,False,68000.0,8608,0.02060977686935786
623,History,64.0,2016,True,45000.0,8262,0.036626764338038235
624,History,64.0,2017,False,66000.0,9016,0.022345457511009623
625,History,64.0,2017,True,45000.0,8443,0.03527367506516073
626,History,64.0,2018,False,70000.0,9028,0.016452190910571755
627,History,64.0,2018,True,48000.0,8534,0.03508465700820387
628,History,64.0,2019,False,72000.0,9349,0.01988545975182946
629,History,64.0,2019,True,50000.0,8865,0.031819745442036466
630,History,64.0,2020,False,75000.0,8020,0.02693474962063733
631,History,64.0,2020,True,50000.0,7280,0.046884899683210135
632,History,64.0,2021,False,75000.0,9792,0.025876851130163678
633,History,64.0,2021,True,53000.0,9138,0.04591321897073663
634,History,64.0,2022,False,80000.0,10368,0.01672890216579537
635,History,64.0,2022,True,55000.0,9361,0.037154281906031324
636,History,64.0,2023,False,80000.0,10062,0.02133170806033826
637,History,64.0,2023,True,60000.0,9485,0.032133676092544985
638,History,64.0,2024,False,88000.0,10338,0.021080760095011877
639,History,64.0,2024,True,60000.0,9496,0.03142053911030263
640,Interdisciplinary and Multi-Disciplinary Studies (General),40.0,2009,False,65000.0,4059,0.02857142857142857
641,Interdisciplinary and Multi-Disciplinary Studies (General),40.0,2009,True,44000.0,6898,0.0541890853189854
642,Interdisciplinary and Multi-Disciplinary Studies (General),40.0,2010,False,53000.0,1318,0.03930530164533821
643,Interdisciplinary and Multi-Disciplinary Studies (General),40.0,2010,True,36000.0,2422,0.06905640484976279
644,Interdisciplinary and Multi-Disciplinary Studies (General),40.0,2011,False,55000.0,1348,0.04253393665158371
645,Interdisciplinary and Multi-Disciplinary Studies (General),40.0,2011,True,35500.0,2352,0.06913716814159292
646,Interdisciplinary and Multi-Disciplinary Studies (General),40.0,2012,False,52000.0,1495,0.04891740176423416
647,Interdisciplinary and Multi-Disciplinary Studies (General),40.0,2012,True,36000.0,2501,0.055327868852459015
648,Interdisciplinary and Multi-Disciplinary Studies (General),40.0,2013,False,59000.0,1632,0.0343027591349739
649,Interdisciplinary and Multi-Disciplinary Studies (General),40.0,2013,True,35000.0,2807,0.05573176257362936
650,Interdisciplinary and Multi-Disciplinary Studies (General),40.0,2014,False,56000.0,1867,0.02612671456564337
651,Interdisciplinary and Multi-Disciplinary Studies (General),40.0,2014,True,36000.0,2898,0.05272564789991063
652,Interdisciplinary and Multi-Disciplinary Studies (General),40.0,2015,False,56000.0,1802,0.022448979591836733
653,Interdisciplinary and Multi-Disciplinary Studies (General),40.0,2015,True,39000.0,2993,0.04022250748823278
654,Interdisciplinary and Multi-Disciplinary Studies (General),40.0,2016,False,60000.0,2021,0.03125
655,Interdisciplinary and Multi-Disciplinary Studies (General),40.0,2016,True,40000.0,3133,0.047813649366571315
656,Interdisciplinary and Multi-Disciplinary Studies (General),40.0,2017,False,60000.0,2108,0.021801491681009755
657,Interdisciplinary and Multi-Disciplinary Studies (General),40.0,2017,True,41600.0,3524,0.03240907454087144
658,Interdisciplinary and Multi-Disciplinary Studies (General),40.0,2018,False,63000.0,2419,0.02408429503261415
659,Interdisciplinary and Multi-Disciplinary Studies (General),40.0,2018,True,42000.0,3574,0.03680981595092025
660,Interdisciplinary and Multi-Disciplinary Studies (General),40.0,2019,False,65000.0,2541,0.021052631578947368
661,Interdisciplinary and Multi-Disciplinary Studies (General),40.0,2019,True,45000.0,3926,0.03218465539661899
662,Interdisciplinary and Multi-Disciplinary Studies (General),40.0,2020,False,66000.0,2082,0.031176470588235295
663,Interdisciplinary and Multi-Disciplinary Studies (General),40.0,2020,True,46000.0,3246,0.04884720593982024
664,Interdisciplinary and Multi-Disciplinary Studies (General),40.0,2021,False,70000.0,2710,0.027866605756052994
665,Interdisciplinary and Multi-Disciplinary Studies (General),40.0,2021,True,48000.0,4201,0.048992248062015506
666,Interdisciplinary and Multi-Disciplinary Studies (General),40.0,2022,False,72000.0,2980,0.01557377049180328
667,Interdisciplinary and Multi-Disciplinary Studies (General),40.0,2022,True,50000.0,4399,0.0273972602739726
668,Interdisciplinary and Multi-Disciplinary Studies (General),40.0,2023,False,73500.0,3157,0.02415270744059213
669,Interdisciplinary and Multi-Disciplinary Studies (General),40.0,2023,True,52000.0,4480,0.03432091522440599
670,Interdisciplinary and Multi-Disciplinary Studies (General),40.0,2024,False,78000.0,3431,0.01961496549219034
671,Interdisciplinary and Multi-Disciplinary Studies (General),40.0,2024,True,58000.0,4604,0.03597733711048159
672,Law,32.0,2009,False,65000.0,369,0.0498220640569395
673,Law,32.0,2009,True,40000.0,585,0.08247422680412371
674,Law,32.0,2010,False,60000.0,351,0.03543307086614173
675,Law,32.0,2010,True,40000.0,659,0.07572815533980583
676,Law,32.0,2011,False,65000.0,335,0.0546875
677,Law,32.0,2011,True,38000.0,660,0.08190476190476191
678,Law,32.0,2012,False,70000.0,321,0.037037037037037035
679,Law,32.0,2012,True,41500.0,708,0.060498220640569395
680,Law,32.0,2013,False,64000.0,359,0.04887218045112782
681,Law,32.0,2013,True,40000.0,723,0.06174957118353345
682,Law,32.0,2014,False,70000.0,355,0.04597701149425287
683,Law,32.0,2014,True,42000.0,708,0.05017921146953405
684,Law,32.0,2015,False,65000.0,394,0.033003300330033
685,Law,32.0,2015,True,42800.0,691,0.04562043795620438
686,Law,32.0,2016,False,63000.0,383,0.027874564459930314
687,Law,32.0,2016,True,42000.0,781,0.025951557093425604
688,Law,32.0,2017,False,66000.0,459,0.03225806451612903
689,Law,32.0,2017,True,45000.0,813,0.03492063492063492
690,Law,32.0,2018,False,74000.0,353,0.05223880597014925
691,Law,32.0,2018,True,45450.0,887,0.03869047619047619
692,Law,32.0,2019,False,71000.0,418,0.040880503144654086
693,Law,32.0,2019,True,50000.0,817,0.038880248833592534
694,Law,32.0,2020,False,80000.0,370,0.03296703296703297
695,Law,32.0,2020,True,45000.0,715,0.06031128404669261
696,Law,32.0,2021,False,70000.0,459,0.0471976401179941
697,Law,32.0,2021,True,52000.0,858,0.046511627906976744
698,Law,32.0,2022,False,80000.0,492,0.02710027100271003
699,Law,32.0,2022,True,55000.0,894,0.029921259842519685
700,Law,32.0,2023,False,85000.0,540,0.0171990171990172
701,Law,32.0,2023,True,55000.0,963,0.02361111111111111
702,Law,32.0,2024,False,96000.0,571,0.025
703,Law,32.0,2024,True,60000.0,942,0.02074074074074074
704,Liberal Arts and Humanities,34.0,2009,False,55000.0,3313,0.04050222762251924
705,Liberal Arts and Humanities,34.0,2009,True,40000.0,7663,0.05955334987593052
706,Liberal Arts and Humanities,34.0,2010,False,58000.0,2593,0.03779366700715015
707,Liberal Arts and Humanities,34.0,2010,True,40000.0,6167,0.07523226829820984
708,Liberal Arts and Humanities,34.0,2011,False,59000.0,2509,0.05089334055224689
709,Liberal Arts and Humanities,34.0,2011,True,38200.0,6305,0.06698348042543562
710,Liberal Arts and Humanities,34.0,2012,False,60000.0,2664,0.041025641025641026
711,Liberal Arts and Humanities,34.0,2012,True,40000.0,6416,0.05782918149466192
712,Liberal Arts and Humanities,34.0,2013,False,57000.0,2946,0.040149393090569564
713,Liberal Arts and Humanities,34.0,2013,True,40000.0,6844,0.053322048243757934
714,Liberal Arts and Humanities,34.0,2014,False,60000.0,2944,0.029425723777883245
715,Liberal Arts and Humanities,34.0,2014,True,40000.0,6820,0.04871244635193133
716,Liberal Arts and Humanities,34.0,2015,False,60000.0,2943,0.031295137217140105
717,Liberal Arts and Humanities,34.0,2015,True,40000.0,6797,0.04245786217196501
718,Liberal Arts and Humanities,34.0,2016,False,61000.0,3059,0.026556776556776556
719,Liberal Arts and Humanities,34.0,2016,True,41000.0,6954,0.03463203463203463
720,Liberal Arts and Humanities,34.0,2017,False,65000.0,3028,0.027700831024930747
721,Liberal Arts and Humanities,34.0,2017,True,44000.0,7168,0.039806021418468375
722,Liberal Arts and Humanities,34.0,2018,False,66000.0,3259,0.02582866982350409
723,Liberal Arts and Humanities,34.0,2018,True,44000.0,7102,0.03216312802186252
724,Liberal Arts and Humanities,34.0,2019,False,65000.0,3390,0.019150707743547043
725,Liberal Arts and Humanities,34.0,2019,True,45750.0,7035,0.027538364515450914
726,Liberal Arts and Humanities,34.0,2020,False,67000.0,2801,0.02908514013749339
727,Liberal Arts and Humanities,34.0,2020,True,48000.0,6027,0.04852686308492201
728,Liberal Arts and Humanities,34.0,2021,False,70000.0,3440,0.032272132577409504
729,Liberal Arts and Humanities,34.0,2021,True,48400.0,7550,0.05367057371992597
730,Liberal Arts and Humanities,34.0,2022,False,70000.0,3703,0.019583843329253364
731,Liberal Arts and Humanities,34.0,2022,True,50000.0,7826,0.03228346456692913
732,Liberal Arts and Humanities,34.0,2023,False,75000.0,3742,0.023037875829754
733,Liberal Arts and Humanities,34.0,2023,True,55000.0,7921,0.03122590593677718
734,Liberal Arts and Humanities,34.0,2024,False,80000.0,3735,0.026746506986027943
735,Liberal Arts and Humanities,34.0,2024,True,56000.0,8019,0.03450920245398773
736,Library Science,35.0,2009,False,50000.0,317,0.041666666666666664
737,Library Science,35.0,2009,True,34000.0,173,0.08108108108108109
738,Library Science,35.0,2010,False,50000.0,288,0.025974025974025976
739,Library Science,35.0,2010,True,35500.0,191,0.06097560975609756
740,Library Science,35.0,2011,False,43000.0,323,0.04
741,Library Science,35.0,2011,True,24000.0,177,0.08641975308641975
742,Library Science,35.0,2012,False,42000.0,319,0.018292682926829267
743,Library Science,35.0,2012,True,33000.0,183,0.05405405405405406
744,Library Science,35.0,2013,False,48000.0,346,0.019230769230769232
745,Library Science,35.0,2013,True,36500.0,168,0.03278688524590164
746,Library Science,35.0,2014,False,51000.0,394,0.021621621621621623
747,Library Science,35.0,2014,True,29000.0,191,0.012345679012345678
748,Library Science,35.0,2015,False,50000.0,357,0.03184713375796178
749,Library Science,35.0,2015,True,30000.0,166,0.0273972602739726
750,Library Science,35.0,2016,False,50000.0,345,0.0125
751,Library Science,35.0,2016,True,30000.0,181,0.0410958904109589
752,Library Science,35.0,2017,False,50000.0,379,0.03954802259887006
753,Library Science,35.0,2017,True,29000.0,148,0.0
754,Library Science,35.0,2018,False,55000.0,356,0.022988505747126436
755,Library Science,35.0,2018,True,30000.0,184,0.0379746835443038
756,Library Science,35.0,2019,False,53000.0,385,0.01639344262295082
757,Library Science,35.0,2019,True,26600.0,194,0.0
758,Library Science,35.0,2020,False,50000.0,321,0.03597122302158273
759,Library Science,35.0,2020,True,25100.0,158,0.14545454545454545
760,Library Science,35.0,2021,False,53000.0,355,0.02142857142857143
761,Library Science,35.0,2021,True,39900.0,223,0.11764705882352941
762,Library Science,35.0,2022,False,56000.0,374,0.017142857142857144
763,Library Science,35.0,2022,True,35500.0,187,0.0641025641025641
764,Library Science,35.0,2023,False,56000.0,424,0.022857142857142857
765,Library Science,35.0,2023,True,40000.0,194,0.043478260869565216
766,Library Science,35.0,2024,False,60000.0,404,0.012195121951219513
767,Library Science,35.0,2024,True,37550.0,160,0.018518518518518517
768,Linguistics and Foreign Languages,26.0,2009,False,54000.0,3430,0.03990422984836393
769,Linguistics and Foreign Languages,26.0,2009,True,34000.0,3497,0.06074766355140187
770,Linguistics and Foreign Languages,26.0,2010,False,55000.0,3491,0.04234527687296417
771,Linguistics and Foreign Languages,26.0,2010,True,34000.0,3817,0.06546452371618973
772,Linguistics and Foreign Languages,26.0,2011,False,52000.0,3579,0.03936381709741551
773,Linguistics and Foreign Languages,26.0,2011,True,35000.0,3673,0.06048053024026512
774,Linguistics and Foreign Languages,26.0,2012,False,55000.0,3644,0.03839935327405012
775,Linguistics and Foreign Languages,26.0,2012,True,35000.0,3784,0.06442463533225283
776,Linguistics and Foreign Languages,26.0,2013,False,55000.0,3761,0.0362431800467654
777,Linguistics and Foreign Languages,26.0,2013,True,35000.0,3853,0.055776892430278883
778,Linguistics and Foreign Languages,26.0,2014,False,55000.0,3857,0.03177004538577912
779,Linguistics and Foreign Languages,26.0,2014,True,36000.0,3912,0.04194174757281553
780,Linguistics and Foreign Languages,26.0,2015,False,55000.0,3817,0.02958349552355002
781,Linguistics and Foreign Languages,26.0,2015,True,37000.0,4011,0.04030710172744722
782,Linguistics and Foreign Languages,26.0,2016,False,60000.0,4123,0.02349869451697128
783,Linguistics and Foreign Languages,26.0,2016,True,40000.0,4096,0.0418426103646833
784,Linguistics and Foreign Languages,26.0,2017,False,60000.0,4248,0.029483177245924384
785,Linguistics and Foreign Languages,26.0,2017,True,40000.0,4085,0.0349146110056926
786,Linguistics and Foreign Languages,26.0,2018,False,64000.0,4518,0.02687074829931973
787,Linguistics and Foreign Languages,26.0,2018,True,40000.0,4201,0.0371900826446281
788,Linguistics and Foreign Languages,26.0,2019,False,62000.0,4585,0.021746293245469523
789,Linguistics and Foreign Languages,26.0,2019,True,40600.0,4366,0.03415154749199573
790,Linguistics and Foreign Languages,26.0,2020,False,65000.0,3873,0.028865164096480822
791,Linguistics and Foreign Languages,26.0,2020,True,43500.0,3610,0.058053251855085114
792,Linguistics and Foreign Languages,26.0,2021,False,70000.0,4868,0.0343042071197411
793,Linguistics and Foreign Languages,26.0,2021,True,45000.0,4430,0.052982456140350874
794,Linguistics and Foreign Languages,26.0,2022,False,72500.0,4975,0.018926466025442134
795,Linguistics and Foreign Languages,26.0,2022,True,47000.0,4688,0.0342583076396026
796,Linguistics and Foreign Languages,26.0,2023,False,75000.0,5073,0.021793275217932753
797,Linguistics and Foreign Languages,26.0,2023,True,51000.0,4800,0.03203203203203203
798,Linguistics and Foreign Languages,26.0,2024,False,79000.0,5096,0.020401948842874544
799,Linguistics and Foreign Languages,26.0,2024,True,55000.0,4732,0.024912280701754386
800,Mathematics and Statistics,37.0,2009,False,73000.0,4926,0.040147017246253885
801,Mathematics and Statistics,37.0,2009,True,54000.0,4977,0.05092059838895282
802,Mathematics and Statistics,37.0,2010,False,73000.0,4985,0.037331869338457314
803,Mathematics and Statistics,37.0,2010,True,54000.0,5190,0.057448606026471415
804,Mathematics and Statistics,37.0,2011,False,72000.0,5091,0.037037037037037035
805,Mathematics and Statistics,37.0,2011,True,50000.0,4932,0.053560742070616396
806,Mathematics and Statistics,37.0,2012,False,74000.0,5271,0.03870436453472413
807,Mathematics and Statistics,37.0,2012,True,52000.0,5042,0.04614019520851819
808,Mathematics and Statistics,37.0,2013,False,72000.0,5552,0.028534031413612566
809,Mathematics and Statistics,37.0,2013,True,52000.0,5360,0.038658328595793066
810,Mathematics and Statistics,37.0,2014,False,75000.0,5513,0.02976190476190476
811,Mathematics and Statistics,37.0,2014,True,56000.0,5491,0.03534935100800884
812,Mathematics and Statistics,37.0,2015,False,80000.0,5755,0.02309888398650402
813,Mathematics and Statistics,37.0,2015,True,57000.0,5539,0.034482758620689655
814,Mathematics and Statistics,37.0,2016,False,79500.0,5910,0.019711902956785442
815,Mathematics and Statistics,37.0,2016,True,58000.0,5428,0.02857142857142857
816,Mathematics and Statistics,37.0,2017,False,80000.0,6156,0.022339658899831853
817,Mathematics and Statistics,37.0,2017,True,58000.0,5985,0.02930591259640103
818,Mathematics and Statistics,37.0,2018,False,82000.0,6388,0.017378711078928313
819,Mathematics and Statistics,37.0,2018,True,58000.0,6092,0.028257064266066518
820,Mathematics and Statistics,37.0,2019,False,85000.0,6579,0.02086677367576244
821,Mathematics and Statistics,37.0,2019,True,60000.0,6286,0.029576746557878633
822,Mathematics and Statistics,37.0,2020,False,85000.0,5765,0.0305793991416309
823,Mathematics and Statistics,37.0,2020,True,62000.0,5389,0.0410958904109589
824,Mathematics and Statistics,37.0,2021,False,88000.0,7060,0.02546501328609389
825,Mathematics and Statistics,37.0,2021,True,65000.0,6635,0.044561571633924296
826,Mathematics and Statistics,37.0,2022,False,93000.0,7397,0.016424510423247
827,Mathematics and Statistics,37.0,2022,True,68000.0,7175,0.02772233311155467
828,Mathematics and Statistics,37.0,2023,False,98000.0,7255,0.02017167381974249
829,Mathematics and Statistics,37.0,2023,True,70000.0,7104,0.02668475802804161
830,Mathematics and Statistics,37.0,2024,False,100000.0,7766,0.024784924211388774
831,Mathematics and Statistics,37.0,2024,True,75000.0,7118,0.041554357592093444
832,Medical and Health Sciences and Services,61.0,2009,False,69000.0,14478,0.019606164383561643
833,Medical and Health Sciences and Services,61.0,2009,True,50000.0,27442,0.02274366495167572
834,Medical and Health Sciences and Services,61.0,2010,False,69000.0,14848,0.022588832487309644
835,Medical and Health Sciences and Services,61.0,2010,True,52000.0,28333,0.02824413319729153
836,Medical and Health Sciences and Services,61.0,2011,False,70000.0,15075,0.02149991535466396
837,Medical and Health Sciences and Services,61.0,2011,True,52000.0,28383,0.031060854877304932
838,Medical and Health Sciences and Services,61.0,2012,False,70000.0,15515,0.02045867018643788
839,Medical and Health Sciences and Services,61.0,2012,True,52000.0,29875,0.03102808810891492
840,Medical and Health Sciences and Services,61.0,2013,False,71000.0,16954,0.021065302437556426
841,Medical and Health Sciences and Services,61.0,2013,True,52000.0,30787,0.027532650900105895
842,Medical and Health Sciences and Services,61.0,2014,False,72000.0,17384,0.0206794682422452
843,Medical and Health Sciences and Services,61.0,2014,True,52000.0,32083,0.02619087981013731
844,Medical and Health Sciences and Services,61.0,2015,False,74000.0,18190,0.016452733848663217
845,Medical and Health Sciences and Services,61.0,2015,True,53000.0,33939,0.024308364342339427
846,Medical and Health Sciences and Services,61.0,2016,False,75000.0,19192,0.01827729659687649
847,Medical and Health Sciences and Services,61.0,2016,True,54000.0,35401,0.020993483435439185
848,Medical and Health Sciences and Services,61.0,2017,False,75500.0,20470,0.013335034773176801
849,Medical and Health Sciences and Services,61.0,2017,True,55000.0,36760,0.019430246542393264
850,Medical and Health Sciences and Services,61.0,2018,False,78000.0,21723,0.014504235480528978
851,Medical and Health Sciences and Services,61.0,2018,True,56000.0,38156,0.018534639100471526
852,Medical and Health Sciences and Services,61.0,2019,False,80000.0,22924,0.015783996299722478
853,Medical and Health Sciences and Services,61.0,2019,True,57000.0,40361,0.017782066303673582
854,Medical and Health Sciences and Services,61.0,2020,False,80000.0,19468,0.022248487798094973
855,Medical and Health Sciences and Services,61.0,2020,True,58000.0,33158,0.026287298081503617
856,Medical and Health Sciences and Services,61.0,2021,False,80000.0,25020,0.01939433338750745
857,Medical and Health Sciences and Services,61.0,2021,True,60000.0,41718,0.024643365381277985
858,Medical and Health Sciences and Services,61.0,2022,False,84000.0,27435,0.014263780892476846
859,Medical and Health Sciences and Services,61.0,2022,True,63000.0,45346,0.016996537154112527
860,Medical and Health Sciences and Services,61.0,2023,False,89000.0,28690,0.012178363265886366
861,Medical and Health Sciences and Services,61.0,2023,True,65000.0,46835,0.01738459163192836
862,Medical and Health Sciences and Services,61.0,2024,False,90000.0,30085,0.01418986308822196
863,Medical and Health Sciences and Services,61.0,2024,True,70000.0,48528,0.016809738880746567
864,"Nuclear, Industrial Radiology, and Biological Technologies",51.0,2009,False,50000.0,24,0.10526315789473684
865,"Nuclear, Industrial Radiology, and Biological Technologies",51.0,2009,True,50000.0,157,0.028985507246376812
866,"Nuclear, Industrial Radiology, and Biological Technologies",51.0,2010,False,57000.0,40,0.03225806451612903
867,"Nuclear, Industrial Radiology, and Biological Technologies",51.0,2010,True,56000.0,139,0.02702702702702703
868,"Nuclear, Industrial Radiology, and Biological Technologies",51.0,2011,False,59000.0,36,0.0
869,"Nuclear, Industrial Radiology, and Biological Technologies",51.0,2011,True,50000.0,126,0.07017543859649122
870,"Nuclear, Industrial Radiology, and Biological Technologies",51.0,2012,False,70000.0,35,0.0
871,"Nuclear, Industrial Radiology, and Biological Technologies",51.0,2012,True,50000.0,110,0.07526881720430108
872,"Nuclear, Industrial Radiology, and Biological Technologies",51.0,2013,False,62000.0,24,0.0
873,"Nuclear, Industrial Radiology, and Biological Technologies",51.0,2013,True,50000.0,127,0.05405405405405406
874,"Nuclear, Industrial Radiology, and Biological Technologies",51.0,2014,False,81000.0,29,0.0
875,"Nuclear, Industrial Radiology, and Biological Technologies",51.0,2014,True,59500.0,112,0.010638297872340425
876,"Nuclear, Industrial Radiology, and Biological Technologies",51.0,2015,False,75000.0,38,0.0
877,"Nuclear, Industrial Radiology, and Biological Technologies",51.0,2015,True,50000.0,141,0.0
878,"Nuclear, Industrial Radiology, and Biological Technologies",51.0,2016,False,91000.0,49,0.047619047619047616
879,"Nuclear, Industrial Radiology, and Biological Technologies",51.0,2016,True,54000.0,112,0.010869565217391304
880,"Nuclear, Industrial Radiology, and Biological Technologies",51.0,2017,False,104000.0,38,0.0
881,"Nuclear, Industrial Radiology, and Biological Technologies",51.0,2017,True,54000.0,141,0.02608695652173913
882,"Nuclear, Industrial Radiology, and Biological Technologies",51.0,2018,False,71500.0,32,0.038461538461538464
883,"Nuclear, Industrial Radiology, and Biological Technologies",51.0,2018,True,57000.0,176,0.0425531914893617
884,"Nuclear, Industrial Radiology, and Biological Technologies",51.0,2019,False,90000.0,34,0.037037037037037035
885,"Nuclear, Industrial Radiology, and Biological Technologies",51.0,2019,True,65500.0,176,0.013422818791946308
886,"Nuclear, Industrial Radiology, and Biological Technologies",51.0,2020,False,75000.0,32,0.041666666666666664
887,"Nuclear, Industrial Radiology, and Biological Technologies",51.0,2020,True,61500.0,162,0.031746031746031744
888,"Nuclear, Industrial Radiology, and Biological Technologies",51.0,2021,False,115000.0,46,0.0
889,"Nuclear, Industrial Radiology, and Biological Technologies",51.0,2021,True,70000.0,140,0.008928571428571428
890,"Nuclear, Industrial Radiology, and Biological Technologies",51.0,2022,False,76000.0,45,0.0
891,"Nuclear, Industrial Radiology, and Biological Technologies",51.0,2022,True,63000.0,160,0.007874015748031496
892,"Nuclear, Industrial Radiology, and Biological Technologies",51.0,2023,False,100000.0,72,0.01694915254237288
893,"Nuclear, Industrial Radiology, and Biological Technologies",51.0,2023,True,65000.0,192,0.006369426751592357
894,"Nuclear, Industrial Radiology, and Biological Technologies",51.0,2024,False,90000.0,59,0.022222222222222223
895,"Nuclear, Industrial Radiology, and Biological Technologies",51.0,2024,True,70000.0,199,0.04666666666666667
896,Philosophy and Religious Studies,48.0,2009,False,52000.0,2711,0.028530670470756064
897,Philosophy and Religious Studies,48.0,2009,True,35000.0,2043,0.08131720430107527
898,Philosophy and Religious Studies,48.0,2010,False,52000.0,2800,0.03941120607787275
899,Philosophy and Religious Studies,48.0,2010,True,30000.0,2185,0.07971938775510204
900,Philosophy and Religious Studies,48.0,2011,False,50000.0,2892,0.03330206378986867
901,Philosophy and Religious Studies,48.0,2011,True,30000.0,2161,0.07085561497326204
902,Philosophy and Religious Studies,48.0,2012,False,50000.0,2902,0.04151119402985075
903,Philosophy and Religious Studies,48.0,2012,True,32000.0,2011,0.0586987270155587
904,Philosophy and Religious Studies,48.0,2013,False,51000.0,2941,0.029753602975360297
905,Philosophy and Religious Studies,48.0,2013,True,35000.0,2184,0.07036797934151065
906,Philosophy and Religious Studies,48.0,2014,False,55000.0,2982,0.03009259259259259
907,Philosophy and Religious Studies,48.0,2014,True,35000.0,2289,0.04752851711026616
908,Philosophy and Religious Studies,48.0,2015,False,53000.0,3269,0.024653979238754325
909,Philosophy and Religious Studies,48.0,2015,True,37000.0,2254,0.036685641998734975
910,Philosophy and Religious Studies,48.0,2016,False,59500.0,3343,0.020477815699658702
911,Philosophy and Religious Studies,48.0,2016,True,40000.0,2441,0.0469678953626635
912,Philosophy and Religious Studies,48.0,2017,False,60000.0,3436,0.017493897477624084
913,Philosophy and Religious Studies,48.0,2017,True,40000.0,2338,0.037267080745341616
914,Philosophy and Religious Studies,48.0,2018,False,61000.0,3339,0.02127659574468085
915,Philosophy and Religious Studies,48.0,2018,True,42000.0,2380,0.028887523048555623
916,Philosophy and Religious Studies,48.0,2019,False,64000.0,3497,0.020177562550443905
917,Philosophy and Religious Studies,48.0,2019,True,41200.0,2542,0.02835203780271707
918,Philosophy and Religious Studies,48.0,2020,False,60000.0,3134,0.02727693018955155
919,Philosophy and Religious Studies,48.0,2020,True,45450.0,2206,0.048644892286309936
920,Philosophy and Religious Studies,48.0,2021,False,65000.0,3845,0.031640625
921,Philosophy and Religious Studies,48.0,2021,True,46500.0,2599,0.05517241379310345
922,Philosophy and Religious Studies,48.0,2022,False,70000.0,3903,0.015689204333208816
923,Philosophy and Religious Studies,48.0,2022,True,50000.0,2654,0.040154015401540157
924,Philosophy and Religious Studies,48.0,2023,False,75000.0,3976,0.01978746793697325
925,Philosophy and Religious Studies,48.0,2023,True,54000.0,2710,0.041758241758241756
926,Philosophy and Religious Studies,48.0,2024,False,75000.0,3949,0.02347242921013413
927,Philosophy and Religious Studies,48.0,2024,True,55000.0,2676,0.03707684040838259
928,"Physical Fitness, Parks, Recreation, and Leisure",41.0,2009,False,55000.0,1167,0.02721774193548387
929,"Physical Fitness, Parks, Recreation, and Leisure",41.0,2009,True,35000.0,3397,0.05232358003442341
930,"Physical Fitness, Parks, Recreation, and Leisure",41.0,2010,False,53000.0,1193,0.025280898876404494
931,"Physical Fitness, Parks, Recreation, and Leisure",41.0,2010,True,36900.0,3404,0.05426892499135845
932,"Physical Fitness, Parks, Recreation, and Leisure",41.0,2011,False,52000.0,1238,0.023486901535682024
933,"Physical Fitness, Parks, Recreation, and Leisure",41.0,2011,True,35000.0,3191,0.03970315398886828
934,"Physical Fitness, Parks, Recreation, and Leisure",41.0,2012,False,55000.0,1300,0.02495697074010327
935,"Physical Fitness, Parks, Recreation, and Leisure",41.0,2012,True,35000.0,3528,0.04261744966442953
936,"Physical Fitness, Parks, Recreation, and Leisure",41.0,2013,False,55000.0,1483,0.025443330763299923
937,"Physical Fitness, Parks, Recreation, and Leisure",41.0,2013,True,35000.0,3888,0.034703196347031964
938,"Physical Fitness, Parks, Recreation, and Leisure",41.0,2014,False,54000.0,1626,0.015873015873015872
939,"Physical Fitness, Parks, Recreation, and Leisure",41.0,2014,True,35650.0,4138,0.0361167292689974
940,"Physical Fitness, Parks, Recreation, and Leisure",41.0,2015,False,57000.0,1748,0.014193548387096775
941,"Physical Fitness, Parks, Recreation, and Leisure",41.0,2015,True,35000.0,4374,0.03744911804613297
942,"Physical Fitness, Parks, Recreation, and Leisure",41.0,2016,False,59000.0,1964,0.016724336793540944
943,"Physical Fitness, Parks, Recreation, and Leisure",41.0,2016,True,37000.0,4832,0.03057729941291585
944,"Physical Fitness, Parks, Recreation, and Leisure",41.0,2017,False,60000.0,2156,0.016436903499469777
945,"Physical Fitness, Parks, Recreation, and Leisure",41.0,2017,True,40000.0,5011,0.030274361400189215
946,"Physical Fitness, Parks, Recreation, and Leisure",41.0,2018,False,62000.0,2345,0.01613668723303275
947,"Physical Fitness, Parks, Recreation, and Leisure",41.0,2018,True,40000.0,5440,0.026490066225165563
948,"Physical Fitness, Parks, Recreation, and Leisure",41.0,2019,False,65000.0,2725,0.013557929334428924
949,"Physical Fitness, Parks, Recreation, and Leisure",41.0,2019,True,42000.0,5756,0.02406417112299465
950,"Physical Fitness, Parks, Recreation, and Leisure",41.0,2020,False,65000.0,2172,0.029075804776739357
951,"Physical Fitness, Parks, Recreation, and Leisure",41.0,2020,True,43000.0,4794,0.04599745870393901
952,"Physical Fitness, Parks, Recreation, and Leisure",41.0,2021,False,66000.0,2942,0.0233806055960138
953,"Physical Fitness, Parks, Recreation, and Leisure",41.0,2021,True,45000.0,6147,0.04109047807190833
954,"Physical Fitness, Parks, Recreation, and Leisure",41.0,2022,False,70000.0,3267,0.012526096033402923
955,"Physical Fitness, Parks, Recreation, and Leisure",41.0,2022,True,48700.0,6732,0.029369369369369368
956,"Physical Fitness, Parks, Recreation, and Leisure",41.0,2023,False,73000.0,3605,0.012202753441802253
957,"Physical Fitness, Parks, Recreation, and Leisure",41.0,2023,True,50000.0,6938,0.025987708516242318
958,"Physical Fitness, Parks, Recreation, and Leisure",41.0,2024,False,75000.0,3850,0.012407680945347119
959,"Physical Fitness, Parks, Recreation, and Leisure",41.0,2024,True,55000.0,7209,0.025840229690930586
960,Physical Sciences,50.0,2009,False,85000.0,8995,0.0303734922249673
961,Physical Sciences,50.0,2009,True,51000.0,6065,0.05032925682031985
962,Physical Sciences,50.0,2010,False,84000.0,11540,0.02914305539493466
963,Physical Sciences,50.0,2010,True,50000.0,9893,0.057434863970059015
964,Physical Sciences,50.0,2011,False,85000.0,11385,0.0319375443577005
965,Physical Sciences,50.0,2011,True,50000.0,9681,0.050634780041334516
966,Physical Sciences,50.0,2012,False,86000.0,11284,0.0297554511504638
967,Physical Sciences,50.0,2012,True,50000.0,9758,0.0461289848685177
968,Physical Sciences,50.0,2013,False,87000.0,11839,0.030818399726058668
969,Physical Sciences,50.0,2013,True,50000.0,9892,0.044697633654688866
970,Physical Sciences,50.0,2014,False,86000.0,12409,0.027465806738574447
971,Physical Sciences,50.0,2014,True,50000.0,9937,0.04322599361763853
972,Physical Sciences,50.0,2015,False,90000.0,12292,0.025144410465511382
973,Physical Sciences,50.0,2015,True,50000.0,10041,0.03823529411764706
974,Physical Sciences,50.0,2016,False,90000.0,12554,0.020107238605898123
975,Physical Sciences,50.0,2016,True,50000.0,10366,0.035211267605633804
976,Physical Sciences,50.0,2017,False,90500.0,13010,0.023195876288659795
977,Physical Sciences,50.0,2017,True,51000.0,10675,0.03545904343045629
978,Physical Sciences,50.0,2018,False,97000.0,13242,0.02066823730991647
979,Physical Sciences,50.0,2018,True,51000.0,10643,0.030946186498699166
980,Physical Sciences,50.0,2019,False,100000.0,13733,0.020589756854630107
981,Physical Sciences,50.0,2019,True,55000.0,11196,0.02886002886002886
982,Physical Sciences,50.0,2020,False,98000.0,11571,0.02787803360298693
983,Physical Sciences,50.0,2020,True,55000.0,9580,0.044961484043389406
984,Physical Sciences,50.0,2021,False,100000.0,14535,0.022390287590805056
985,Physical Sciences,50.0,2021,True,58000.0,11820,0.045535261288685944
986,Physical Sciences,50.0,2022,False,100000.0,14897,0.017074836569421405
987,Physical Sciences,50.0,2022,True,60000.0,12031,0.030116020735620835
988,Physical Sciences,50.0,2023,False,108000.0,15376,0.01818181818181818
989,Physical Sciences,50.0,2023,True,62000.0,12316,0.02954048140043764
990,Physical Sciences,50.0,2024,False,110000.0,15929,0.020950622981079834
991,Physical Sciences,50.0,2024,True,67000.0,12477,0.029927884615384617
992,Precision Production and Industrial Arts,58.0,2009,False,53000.0,29,0.0
993,Precision Production and Industrial Arts,58.0,2009,True,39500.0,92,0.0967741935483871
994,Psychology,52.0,2009,False,53000.0,13361,0.035388340473086234
995,Psychology,52.0,2009,True,35000.0,15056,0.061630044646765296
996,Psychology,52.0,2010,False,54000.0,14127,0.038630063489224716
997,Psychology,52.0,2010,True,35000.0,15474,0.07078661302747583
998,Psychology,52.0,2011,False,54000.0,14077,0.03633390862021982
999,Psychology,52.0,2011,True,35000.0,15357,0.06980802792321117
1000,Psychology,52.0,2012,False,55000.0,14547,0.0373568281938326
1001,Psychology,52.0,2012,True,34600.0,15946,0.06290653885655598
1002,Psychology,52.0,2013,False,55000.0,15343,0.03176865046102263
1003,Psychology,52.0,2013,True,35000.0,16765,0.05857536913840662
1004,Psychology,52.0,2014,False,55000.0,15937,0.029467445880319368
1005,Psychology,52.0,2014,True,35000.0,16951,0.04968994120963196
1006,Psychology,52.0,2015,False,57000.0,16607,0.027037805072579357
1007,Psychology,52.0,2015,True,35000.0,17835,0.0454615031379152
1008,Psychology,52.0,2016,False,59000.0,17304,0.02144812899300274
1009,Psychology,52.0,2016,True,38000.0,18291,0.04118665763120247
1010,Psychology,52.0,2017,False,60000.0,18029,0.020927519323319235
1011,Psychology,52.0,2017,True,39200.0,18955,0.037746764046568806
1012,Psychology,52.0,2018,False,60000.0,19039,0.01875951820573169
1013,Psychology,52.0,2018,True,40000.0,19557,0.03691746209994385
1014,Psychology,52.0,2019,False,60000.0,19805,0.022037086804622415
1015,Psychology,52.0,2019,True,40000.0,20584,0.03300307939483197
1016,Psychology,52.0,2020,False,65000.0,16576,0.02631578947368421
1017,Psychology,52.0,2020,True,42000.0,16727,0.05340216655382532
1018,Psychology,52.0,2021,False,65000.0,21568,0.024618476417760472
1019,Psychology,52.0,2021,True,44000.0,21424,0.054222806441012156
1020,Psychology,52.0,2022,False,70000.0,22321,0.01948091233589449
1021,Psychology,52.0,2022,True,46000.0,22571,0.03639846743295019
1022,Psychology,52.0,2023,False,72000.0,23599,0.018172466998114176
1023,Psychology,52.0,2023,True,50000.0,23233,0.035476449933405985
1024,Psychology,52.0,2024,False,75000.0,24035,0.01897703666273651
1025,Psychology,52.0,2024,True,50000.0,23671,0.03505556869236226
1026,"Public Affairs, Policy, and Social Work",54.0,2009,False,50000.0,3261,0.03449583017437453
1027,"Public Affairs, Policy, and Social Work",54.0,2009,True,35000.0,4346,0.051029543419874666
1028,"Public Affairs, Policy, and Social Work",54.0,2010,False,50000.0,3469,0.04178470254957507
1029,"Public Affairs, Policy, and Social Work",54.0,2010,True,35000.0,4736,0.06598564329099944
1030,"Public Affairs, Policy, and Social Work",54.0,2011,False,50000.0,3498,0.04042243262927895
1031,"Public Affairs, Policy, and Social Work",54.0,2011,True,35000.0,4668,0.0650734235531241
1032,"Public Affairs, Policy, and Social Work",54.0,2012,False,50000.0,3710,0.041890080428954424
1033,"Public Affairs, Policy, and Social Work",54.0,2012,True,35000.0,4849,0.05701383008749647
1034,"Public Affairs, Policy, and Social Work",54.0,2013,False,50000.0,3981,0.02967741935483871
1035,"Public Affairs, Policy, and Social Work",54.0,2013,True,35000.0,5089,0.05376925155363415
1036,"Public Affairs, Policy, and Social Work",54.0,2014,False,50000.0,4142,0.03706050047513462
1037,"Public Affairs, Policy, and Social Work",54.0,2014,True,35000.0,5136,0.049931034482758624
1038,"Public Affairs, Policy, and Social Work",54.0,2015,False,52000.0,4272,0.027624309392265192
1039,"Public Affairs, Policy, and Social Work",54.0,2015,True,35000.0,5258,0.04063974829575249
1040,"Public Affairs, Policy, and Social Work",54.0,2016,False,52000.0,4472,0.022687094873305835
1041,"Public Affairs, Policy, and Social Work",54.0,2016,True,36000.0,5711,0.03353204172876304
1042,"Public Affairs, Policy, and Social Work",54.0,2017,False,54000.0,4825,0.022425249169435217
1043,"Public Affairs, Policy, and Social Work",54.0,2017,True,38000.0,5654,0.029642766658221433
1044,"Public Affairs, Policy, and Social Work",54.0,2018,False,54000.0,4836,0.024820739106453393
1045,"Public Affairs, Policy, and Social Work",54.0,2018,True,38000.0,5881,0.02718589272593681
1046,"Public Affairs, Policy, and Social Work",54.0,2019,False,55000.0,5199,0.024321556579621095
1047,"Public Affairs, Policy, and Social Work",54.0,2019,True,40000.0,6095,0.02530436858438768
1048,"Public Affairs, Policy, and Social Work",54.0,2020,False,58000.0,4531,0.024397590361445783
1049,"Public Affairs, Policy, and Social Work",54.0,2020,True,40000.0,4954,0.03479304139172166
1050,"Public Affairs, Policy, and Social Work",54.0,2021,False,60000.0,5967,0.026657552973342446
1051,"Public Affairs, Policy, and Social Work",54.0,2021,True,42000.0,6293,0.042014800668417285
1052,"Public Affairs, Policy, and Social Work",54.0,2022,False,60000.0,5994,0.016091954022988506
1053,"Public Affairs, Policy, and Social Work",54.0,2022,True,45000.0,6584,0.025911488190781932
1054,"Public Affairs, Policy, and Social Work",54.0,2023,False,65000.0,6002,0.014446227929373997
1055,"Public Affairs, Policy, and Social Work",54.0,2023,True,45000.0,6683,0.02848876029379034
1056,"Public Affairs, Policy, and Social Work",54.0,2024,False,68000.0,6498,0.020141196013289037
1057,"Public Affairs, Policy, and Social Work",54.0,2024,True,50000.0,6631,0.025794564716720404
1058,Social Sciences,55.0,2009,False,70000.0,20481,0.041715447655431635
1059,Social Sciences,55.0,2009,True,45000.0,27268,0.056709768027507386
1060,Social Sciences,55.0,2010,False,70000.0,21067,0.04481032507086424
1061,Social Sciences,55.0,2010,True,44000.0,27589,0.0705565702201288
1062,Social Sciences,55.0,2011,False,70000.0,20567,0.03993208401458936
1063,Social Sciences,55.0,2011,True,44000.0,27036,0.06593737454837414
1064,Social Sciences,55.0,2012,False,71000.0,21167,0.037116696368217295
1065,Social Sciences,55.0,2012,True,45000.0,27833,0.061210453920220086
1066,Social Sciences,55.0,2013,False,72000.0,22500,0.03671956446194834
1067,Social Sciences,55.0,2013,True,45000.0,28978,0.05525746022780759
1068,Social Sciences,55.0,2014,False,74000.0,22582,0.03144140465496121
1069,Social Sciences,55.0,2014,True,46000.0,29258,0.04798428584790946
1070,Social Sciences,55.0,2015,False,75000.0,23669,0.029187961385576378
1071,Social Sciences,55.0,2015,True,48000.0,29983,0.03890529813549935
1072,Social Sciences,55.0,2016,False,76000.0,24346,0.02545655783065855
1073,Social Sciences,55.0,2016,True,50000.0,30803,0.03740659537339478
1074,Social Sciences,55.0,2017,False,80000.0,25169,0.026072059532094866
1075,Social Sciences,55.0,2017,True,50000.0,31290,0.03471882640586797
1076,Social Sciences,55.0,2018,False,80000.0,26442,0.02383888203863543
1077,Social Sciences,55.0,2018,True,51000.0,32115,0.034403270702853164
1078,Social Sciences,55.0,2019,False,83000.0,27360,0.023326219663506873
1079,Social Sciences,55.0,2019,True,55000.0,33787,0.03273699362533416
1080,Social Sciences,55.0,2020,False,85000.0,23040,0.030001807337791432
1081,Social Sciences,55.0,2020,True,55000.0,27554,0.04858154209203304
1082,Social Sciences,55.0,2021,False,87000.0,29409,0.03302691432903715
1083,Social Sciences,55.0,2021,True,59000.0,34739,0.05182341650671785
1084,Social Sciences,55.0,2022,False,90000.0,30261,0.019446625710194468
1085,Social Sciences,55.0,2022,True,61000.0,35935,0.03141028189734007
1086,Social Sciences,55.0,2023,False,98000.0,30860,0.021098581302291742
1087,Social Sciences,55.0,2023,True,65000.0,36869,0.03203439727300899
1088,Social Sciences,55.0,2024,False,100000.0,31486,0.02410391465428737
1089,Social Sciences,55.0,2024,True,69000.0,37288,0.03643506393467879
1090,Theology and Religious Vocations,49.0,2009,False,40000.0,1680,0.02454473475851148
1091,Theology and Religious Vocations,49.0,2009,True,30000.0,2462,0.040606388738494856
1092,Theology and Religious Vocations,49.0,2010,False,41000.0,1773,0.033672670321064996
1093,Theology and Religious Vocations,49.0,2010,True,30000.0,2455,0.0423968343697004
1094,Theology and Religious Vocations,49.0,2011,False,35000.0,1999,0.0364656381486676
1095,Theology and Religious Vocations,49.0,2011,True,30000.0,2573,0.0321701199563795
1096,Theology and Religious Vocations,49.0,2012,False,35600.0,2053,0.023926812104152005
1097,Theology and Religious Vocations,49.0,2012,True,30000.0,2529,0.03975704030922143
1098,Theology and Religious Vocations,49.0,2013,False,40000.0,2192,0.032525510204081634
1099,Theology and Religious Vocations,49.0,2013,True,32000.0,2676,0.03398058252427184
1100,Theology and Religious Vocations,49.0,2014,False,40900.0,2235,0.020202020202020204
1101,Theology and Religious Vocations,49.0,2014,True,32000.0,2745,0.0390625
1102,Theology and Religious Vocations,49.0,2015,False,40000.0,2257,0.017699115044247787
1103,Theology and Religious Vocations,49.0,2015,True,32000.0,2623,0.030434782608695653
1104,Theology and Religious Vocations,49.0,2016,False,40000.0,2271,0.02098360655737705
1105,Theology and Religious Vocations,49.0,2016,True,34400.0,2795,0.02008238928939238
1106,Theology and Religious Vocations,49.0,2017,False,43000.0,2403,0.01700060716454159
1107,Theology and Religious Vocations,49.0,2017,True,35000.0,2954,0.01496861419604056
1108,Theology and Religious Vocations,49.0,2018,False,45000.0,2457,0.014134275618374558
1109,Theology and Religious Vocations,49.0,2018,True,36000.0,3015,0.02149532710280374
1110,Theology and Religious Vocations,49.0,2019,False,46000.0,2519,0.01189127972819932
1111,Theology and Religious Vocations,49.0,2019,True,38000.0,3085,0.020696142991533398
1112,Theology and Religious Vocations,49.0,2020,False,50000.0,2203,0.022857142857142857
1113,Theology and Religious Vocations,49.0,2020,True,39000.0,2552,0.029465930018416207
1114,Theology and Religious Vocations,49.0,2021,False,48000.0,2605,0.03054755043227666
1115,Theology and Religious Vocations,49.0,2021,True,40000.0,2979,0.02914572864321608
1116,Theology and Religious Vocations,49.0,2022,False,50000.0,2624,0.012665515256188831
1117,Theology and Religious Vocations,49.0,2022,True,40000.0,3231,0.01576263328697265
1118,Theology and Religious Vocations,49.0,2023,False,52000.0,2690,0.019704433497536946
1119,Theology and Religious Vocations,49.0,2023,True,44800.0,3204,0.019962859795728878
1120,Theology and Religious Vocations,49.0,2024,False,55000.0,2848,0.015495867768595042
1121,Theology and Religious Vocations,49.0,2024,True,44000.0,3307,0.019662921348314606
1122,Transportation Sciences and Technologies,59.0,2009,False,80000.0,279,0.023696682464454975
1123,Transportation Sciences and Technologies,59.0,2009,True,60000.0,1143,0.044760935910478125
1124,Transportation Sciences and Technologies,59.0,2010,False,81000.0,299,0.05531914893617021
1125,Transportation Sciences and Technologies,59.0,2010,True,65000.0,1268,0.053406998158379376
1126,Transportation Sciences and Technologies,59.0,2011,False,85000.0,280,0.03619909502262444
1127,Transportation Sciences and Technologies,59.0,2011,True,62000.0,1210,0.0506454816285998
1128,Transportation Sciences and Technologies,59.0,2012,False,84000.0,292,0.0391304347826087
1129,Transportation Sciences and Technologies,59.0,2012,True,63000.0,1233,0.032015065913371
1130,Transportation Sciences and Technologies,59.0,2013,False,85000.0,324,0.023622047244094488
1131,Transportation Sciences and Technologies,59.0,2013,True,70000.0,1328,0.03113879003558719
1132,Transportation Sciences and Technologies,59.0,2014,False,90000.0,383,0.023809523809523808
1133,Transportation Sciences and Technologies,59.0,2014,True,70000.0,1320,0.02901178603807797
1134,Transportation Sciences and Technologies,59.0,2015,False,92000.0,391,0.02702702702702703
1135,Transportation Sciences and Technologies,59.0,2015,True,70000.0,1390,0.025043177892918825
1136,Transportation Sciences and Technologies,59.0,2016,False,90000.0,414,0.035830618892508145
1137,Transportation Sciences and Technologies,59.0,2016,True,70000.0,1542,0.02482544608223429
1138,Transportation Sciences and Technologies,59.0,2017,False,90000.0,428,0.016339869281045753
1139,Transportation Sciences and Technologies,59.0,2017,True,75000.0,1529,0.021394611727416798
1140,Transportation Sciences and Technologies,59.0,2018,False,95000.0,497,0.02349869451697128
1141,Transportation Sciences and Technologies,59.0,2018,True,78000.0,1538,0.024115755627009645
1142,Transportation Sciences and Technologies,59.0,2019,False,89000.0,447,0.02608695652173913
1143,Transportation Sciences and Technologies,59.0,2019,True,85000.0,1667,0.015486725663716814
1144,Transportation Sciences and Technologies,59.0,2020,False,95000.0,404,0.028938906752411574
1145,Transportation Sciences and Technologies,59.0,2020,True,80000.0,1358,0.027906976744186046
1146,Transportation Sciences and Technologies,59.0,2021,False,100000.0,503,0.024725274725274724
1147,Transportation Sciences and Technologies,59.0,2021,True,82000.0,1666,0.03466076696165192
1148,Transportation Sciences and Technologies,59.0,2022,False,109000.0,526,0.015665796344647518
1149,Transportation Sciences and Technologies,59.0,2022,True,85000.0,1736,0.015625
1150,Transportation Sciences and Technologies,59.0,2023,False,110000.0,582,0.02127659574468085
1151,Transportation Sciences and Technologies,59.0,2023,True,92000.0,1794,0.016973125884016973
1152,Transportation Sciences and Technologies,59.0,2024,False,110000.0,590,0.017937219730941704
1153,Transportation Sciences and Technologies,59.0,2024,True,100000.0,2056,0.018170426065162906
